Workbook

Sheet Activity Tracker & Pipeline
A1: SLC Activity Tracker 2024 | D1: Applications | F1: Phone Screens | H1: Interviews | J1: Resume Subs | L1: Offers Accepted | M1: Decline Reasons
A2: Office | B2: Date | C2: # of recruiters | D2: Goal | E2: Attn | F2: Goal | G2: Attn | H2: Today | I2: Tomorrow | J2: Goal | K2: Attn | M2: Decline Reasons
A3: =Scorecard!$H$4 -> NSL | P3: Prepped | Q3: =COUNTIFS('1.PrepList'!$I$2:$I$1500,"<>",'1.PrepList'!$B$2:$B$1500,"<>Yes") -> 512 | R3: A/C Mechanical Assembly | S3: BG Cleared | T3: B/D Mechanical Assembly | U3: BG Cleared | V3: A/C Materials | W3: BG Cleared | X3: B/D Materials | Y3: BG Cleared | Z3: A/C Rack Assembly | AA3: BG Cleared | AB3: B/D Rack Assembly | AC3: BG Cleared | AD3: IT Support Technician | AE3: BG Cleared | AF3: Delivery Business Systems Analyst | AG3: BG Cleared | AH3: B/D Quality | AI3: BG Cleared | AJ3: A/C Test Operator | AK3: BG Cleared | AL3: A/C Debug | AM3: BG Cleared | AN3: B/D Debug Tech 4 | AO3: BG Cleared
A4: =Scorecard!$H$5 -> WVC | P4: Cleared | Q4: =COUNTIFS('1.PrepList'!$O$2:$O$1500,"Passed",'1.PrepList'!$B$2:$B$1500,"<>Yes") -> 247 | R4: =SUMPRODUCT(COUNTIFS('1.PrepList'!$L$2:$L$1500,"Mechanical Assembly",'1.PrepList'!$K$2:$K$1500,{"A/C","A","C"},'1.PrepList'!$B$2:$B$1500,"<>Yes")) -> 309 | S4: =SUMPRODUCT(COUNTIFS('1.PrepList'!$L$2:$L$1500,"Mechanical Assembly",'1.PrepList'!$K$2:$K$1500,{"A/C","A","C"},'1.PrepList'!$O$2:$O$1500,"Passed",'1.PrepList'!$B$2:$B$1500,"<>Yes")) -> 152 | T4: =SUMPRODUCT(COUNTIFS('1.PrepList'!$L$2:$L$1500,"Mechanical Assembly",'1.PrepList'!$K$2:$K$1500,{"B/D","B","D"},'1.PrepList'!$B$2:$B$1500,"<>Yes")) -> 133 | U4: =SUMPRODUCT(COUNTIFS('1.PrepList'!$L$2:$L$1500,"Mechanical Assembly",'1.PrepList'!$K$2:$K$1500,{"B/D","B","D"},'1.PrepList'!$O$2:$O$1500,"Passed",'1.PrepList'!$B$2:$B$1500,"<>Yes")) -> 63 | V4: =SUMPRODUCT(COUNTIFS('1.PrepList'!$L$2:$L$1500,"Materials",'1.PrepList'!$K$2:$K$1500,{"A/C","A","C"},'1.PrepList'!$B$2:$B$1500,"<>Yes")) -> 15 | W4: =SUMPRODUCT(COUNTIFS('1.PrepList'!$L$2:$L$1500,"Materials",'1.PrepList'!$K$2:$K$1500,{"A/C","A","C"},'1.PrepList'!$O$2:$O$1500,"Passed",'1.PrepList'!$B$2:$B$1500,"<>Yes")) -> 10 | X4: =SUMPRODUCT(COUNTIFS('1.PrepList'!$L$2:$L$1500,"Materials",'1.PrepList'!$K$2:$K$1500,{"B/D","B","D"},'1.PrepList'!$B$2:$B$1500,"<>Yes")) -> 18 | Y4: =SUMPRODUCT(COUNTIFS('1.PrepList'!$L$2:$L$1500,"Materials",'1.PrepList'!$K$2:$K$1500,{"B/D","B","D"},'1.PrepList'!$O$2:$O$1500,"Passed",'1.PrepList'!$B$2:$B$1500,"<>Yes")) -> 7 | Z4: =SUMPRODUCT(COUNTIFS('1.PrepList'!$L$2:$L$1500,"Rack Assembly",'1.PrepList'!$K$2:$K$1500,{"A/C","A","C"},'1.PrepList'!$B$2:$B$1500,"<>Yes")) -> 11 | AA4: =SUMPRODUCT(COUNTIFS('1.PrepList'!$L$2:$L$1500,"Rack Assembly",'1.PrepList'!$K$2:$K$1500,{"A/C","A","C"},'1.PrepList'!$O$2:$O$1500,"Passed",'1.PrepList'!$B$2:$B$1500,"<>Yes")) -> 4 | AB4: =SUMPRODUCT(COUNTIFS('1.PrepList'!$L$2:$L$1500,"Rack Assembly",'1.PrepList'!$K$2:$K$1500,{"B/D","B","D"},'1.PrepList'!$B$2:$B$1500,"<>Yes")) -> 12 | AC4: =SUMPRODUCT(COUNTIFS('1.PrepList'!$L$2:$L$1500,"Rack Assembly",'1.PrepList'!$K$2:$K$1500,{"B/D","B","D"},'1.PrepList'!$O$2:$O$1500,"Passed",'1.PrepList'!$B$2:$B$1500,"<>Yes")) -> 4 | AD4: =COUNTIFS('1.PrepList'!$L$2:$L$1500,"IT Support Technician",'1.PrepList'!$B$2:$B$1500,"<>Yes") -> 0 | AE4: =COUNTIFS('1.PrepList'!$L$2:$L$1500,"IT Support Technician",'1.PrepList'!$O$2:$O$1500,"Passed",'1.PrepList'!$B$2:$B$1500,"<>Yes") -> 0 | AF4: =COUNTIFS('1.PrepList'!$L$2:$L$1500,"Delivery Business Systems Analyst",'1.PrepList'!$B$2:$B$1500,"<>Yes") -> 0 | AG4: =COUNTIFS('1.PrepList'!$L$2:$L$1500,"Delivery Business Systems Analyst",'1.PrepList'!$O$2:$O$1500,"Passed",'1.PrepList'!$B$2:$B$1500,"<>Yes") -> 0 | AH4: =SUMPRODUCT(COUNTIFS('1.PrepList'!$L$2:$L$1500,"Quality",'1.PrepList'!$K$2:$K$1500,{"B/D","B","D"},'1.PrepList'!$B$2:$B$1500,"<>Yes")) -> 1 | AI4: =SUMPRODUCT(COUNTIFS('1.PrepList'!$L$2:$L$1500,"Quality",'1.PrepList'!$K$2:$K$1500,{"B/D","B","D"},'1.PrepList'!$O$2:$O$1500,"Passed",'1.PrepList'!$B$2:$B$1500,"<>Yes")) -> 1 | AJ4: =SUMPRODUCT(COUNTIFS('1.PrepList'!$L$2:$L$1500,"Test Operator",'1.PrepList'!$K$2:$K$1500,{"A/C","A","C"},'1.PrepList'!$B$2:$B$1500,"<>Yes")) -> 3 | AK4: =SUMPRODUCT(COUNTIFS('1.PrepList'!$L$2:$L$1500,"Test Operator",'1.PrepList'!$K$2:$K$1500,{"A/C","A","C"},'1.PrepList'!$O$2:$O$1500,"Passed",'1.PrepList'!$B$2:$B$1500,"<>Yes")) -> 1 | AL4: =SUMPRODUCT(COUNTIFS('1.PrepList'!$L$2:$L$1500,"Debug",'1.PrepList'!$K$2:$K$1500,{"A/C","A","C"},'1.PrepList'!$B$2:$B$1500,"<>Yes")) -> 0 | AM4: =SUMPRODUCT(COUNTIFS('1.PrepList'!$L$2:$L$1500,"Debug",'1.PrepList'!$K$2:$K$1500,{"A/C","A","C"},'1.PrepList'!$O$2:$O$1500,"Passed",'1.PrepList'!$B$2:$B$1500,"<>Yes")) -> 0 | AN4: =SUMPRODUCT(COUNTIFS('1.PrepList'!$L$2:$L$1500,"Debug Tech 4",'1.PrepList'!$K$2:$K$1500,{"B/D","B","D"},'1.PrepList'!$B$2:$B$1500,"<>Yes")) -> 0 | AO4: =SUMPRODUCT(COUNTIFS('1.PrepList'!$L$2:$L$1500,"Debug Tech 4",'1.PrepList'!$K$2:$K$1500,{"B/D","B","D"},'1.PrepList'!$O$2:$O$1500,"Passed",'1.PrepList'!$B$2:$B$1500,"<>Yes")) -> 0 | AP4: 2 | AQ4: 0 | AR4: 1 | AS4: 1 | AT4: 1 | AU4: 1 | AV4: 0 | AW4: 0 | AX4: 0 | AY4: 0 | AZ4: 0 | BA4: 0
A5: =Scorecard!$H$6 -> WJ | P5: Updated | Q5: 46197
A6: TOTAL | C6: =SUM(C2:C5) -> 0 | D6: =SUM(D2:D5) -> 0 | E6: =SUM(E2:E5) -> 0 | F6: =SUM(F2:F5) -> 0 | G6: =SUM(G2:G5) -> 0 | H6: =SUM(H2:H5) -> 0 | I6: =SUM(I2:I5) -> 0 | J6: =SUM(J2:J5) -> 0 | ... L6: =SUM(L2:L5) -> 0
P7: By Office
P8: Office | Q8: Prepped | R8: Cleared
A9: Date Last Posted | C9: WVC | D9: 45985 | E9: 45986 | F9: 45987 | G9: 45988 | H9: 45989 | K9: A Roster Starts | P9: NSL | Q9: =COUNTIFS('1.PrepList'!$I$2:$I$1500,"<>",'1.PrepList'!$B$2:$B$1500,"<>Yes",'1.PrepList'!$M$2:$M$1500,"NSL") -> 55 | R9: =COUNTIFS('1.PrepList'!$O$2:$O$1500,"Passed",'1.PrepList'!$B$2:$B$1500,"<>Yes",'1.PrepList'!$M$2:$M$1500,"NSL") -> 20
C10: QC Inspector - Days | D10: 5 | K10: B Roster Starts | P10: WVC | Q10: =COUNTIFS('1.PrepList'!$I$2:$I$1500,"<>",'1.PrepList'!$B$2:$B$1500,"<>Yes",'1.PrepList'!$M$2:$M$1500,"WVC") -> 75 | R10: =COUNTIFS('1.PrepList'!$O$2:$O$1500,"Passed",'1.PrepList'!$B$2:$B$1500,"<>Yes",'1.PrepList'!$M$2:$M$1500,"WVC") -> 29
C11: QC Inspector - Nights | D11: 0 | P11: WJ | Q11: =COUNTIFS('1.PrepList'!$I$2:$I$1500,"<>",'1.PrepList'!$B$2:$B$1500,"<>Yes",'1.PrepList'!$M$2:$M$1500,"WJ") -> 382 | R11: =COUNTIFS('1.PrepList'!$O$2:$O$1500,"Passed",'1.PrepList'!$B$2:$B$1500,"<>Yes",'1.PrepList'!$M$2:$M$1500,"WJ") -> 198
C12: 1st shift assembly | D12: 0
C13: 3rd shift assembly | D13: 0
A14: Date Last Posted | C14: WJ
C15: 3rd shift assembly | D15: 0
A18: Date Last Posted | C18: NSL
B19: Day - Warehouse | D19: 0
B20: Grave - Warehouse | D20: 0
B21: Grave - Quality Control | D21: 0
B22: Day - Quality Control | D22: 0
C24: Applies | D24: =SUM(D10:D23) -> 5 | E24: =SUM(E10:E23) -> 0 | F24: =SUM(F10:F23) -> 0 | G24: =SUM(G10:G23) -> 0 | H24: =SUM(H10:H23) -> 0 | I24: =SUM(I10:I23) -> 0 | J24: =SUM(J10:J23) -> 0
D25: by 5pm

Sheet Start Sheet For Flex
A1: Email must go out to the the addresses listed below: | B1: Example Email:
A2: alicia.velasquez@flex.com | H2: Date: | J2: New Starts
A3: Leah.Bergquist@flex.com | H3: Agency | I3: Req # | J3: Employee Name | K3: C# | L3: Shift | M3: Schedule | N3: Cost Center | O3: Job Title | P3: Supervisor | Q3: Shirt Size | R3: Start Date | S3: AD/Octa | T3: Checked In | U3: Comments
A4: us.slcbpsreception@flex.com | H4: YES | I4: =IF($K4="","",IFERROR(_xlfn.XLOOKUP($K4,_StartedStatus!$M:$M,_StartedStatus!$B:$B,"")&"","")) -> FLX0630 | J4: Jean Ramos Lopez | K4: C125977 | L4: C | M4: C Shift: Salt Lake City - O - 600am-600pm Rotating Sun,Mon,Thurs, Fri/Tues,Wed,Sat | N4: 1200 | O4: Production Specialist 1 - Dekit | P4: Jennifer Prudente (1168431) | Q4: M | R4: 46258.25 | S4: Yes | T4: FALSE
A5: katherine.tavera@flex.com | H5: YES | I5: =IF($K5="","",IFERROR(_xlfn.XLOOKUP($K5,_StartedStatus!$M:$M,_StartedStatus!$B:$B,"")&"","")) -> FLX0633 | J5: Urdaneta Miyelis | K5: C125978 | L5: C | M5: C Shift: Salt Lake City - O - 600am-600pm Rotating Sun,Mon,Thurs, Fri/Tues,Wed,Sat | N5: 1200 | O5: Production Specialist 1 - Dekit | P5: Jennifer Prudente (1168431) | Q5: =IF($K5="","",IFERROR(_xlfn.XLOOKUP($K5,_StartedStatus!$M:$M,_StartedStatus!$J:$J,"")&"","")) | R5: 46258.25 | S5: Yes | T5: FALSE
A6: howard.collings@flex.com | H6: YES | I6: =IF($K6="","",IFERROR(_xlfn.XLOOKUP($K6,_StartedStatus!$M:$M,_StartedStatus!$B:$B,"")&"","")) -> FLX0634 | J6: Ivan Chirinos | K6: C126095 | L6: C | M6: C Shift: Salt Lake City - O - 600am-600pm Rotating Sun,Mon,Thurs, Fri/Tues,Wed,Sat | N6: 1200 | O6: Production Specialist 1 - Dekit | P6: Jennifer Prudente (1168431) | Q6: M | R6: 46258.25 | S6: Yes | T6: FALSE
A7: us.slcsitehr@flex.com | H7: YES | I7: =IF($K7="","",IFERROR(_xlfn.XLOOKUP($K7,_StartedStatus!$M:$M,_StartedStatus!$B:$B,"")&"","")) -> FLX0635 | J7: Yisel Marquez | K7: C126096 | L7: C | M7: C Shift: Salt Lake City - O - 600am-600pm Rotating Sun,Mon,Thurs, Fri/Tues,Wed,Sat | N7: 1200 | O7: Production Specialist 1 - Dekit | P7: Jennifer Prudente (1168431) | Q7: M | R7: 46258.25 | S7: Yes | T7: FALSE
A8: us.slchrleads@flex.com | H8: YES | I8: =IF($K8="","",IFERROR(_xlfn.XLOOKUP($K8,_StartedStatus!$M:$M,_StartedStatus!$B:$B,"")&"","")) -> FLX0647 | J8: Dieneddys Navarro | K8: C125979 | L8: A | M8: A Shift: Salt Lake City - Q - 600am-600pm Rotating Tues,Wed,Sat/Sun,Mon, Thurs,Fri | N8: 1200 | O8: Production Specialist - L10 Repair (Bonepile) | P8: Jennifer Paz (1166697) | Q8: M | R8: 46258.25 | S8: Yes | T8: FALSE
A9: flex@youremploymentsolutions.com | H9: YES | I9: =IF($K9="","",IFERROR(_xlfn.XLOOKUP($K9,_StartedStatus!$M:$M,_StartedStatus!$B:$B,"")&"","")) -> FLX0656 | J9: Jenny Maria Arbelaez Pena | K9: C125980 | L9: B | M9: B Shift: Salt Lake City - P - 600pm-600a Rotating Tues,Wed,Sat/Sun,Mon,Thurs,Fri (15% Diff) | N9: 1200 | O9: Production Specialist - L10 Repair (Bonepile) | P9: Alexis Rullan | Q9: M | R9: 46258.25 | S9: Yes | T9: FALSE
A10: timothy.mcgovern@flex.com | H10: YES | I10: =IF($K10="","",IFERROR(_xlfn.XLOOKUP($K10,_StartedStatus!$M:$M,_StartedStatus!$B:$B,"")&"","")) | J10: Sandra Melendez | L10: D | M10: D Shift: Salt Lake City - N - 600pm-600a Rotating Sun,Mon,Thurs, Fri/Tues,Wed,Sat (15% Diff) | N10: 1200 | O10: Production Specialist - L10 Repair (Bonepile) | P10: Yalia Driggers (1153165) | Q10: M | R10: 46258.25 | S10: Yes | T10: FALSE
A11: Gil.Smith@flex.com | H11: YES | I11: =IF($K11="","",IFERROR(_xlfn.XLOOKUP($K11,_StartedStatus!$M:$M,_StartedStatus!$B:$B,"")&"","")) -> FLX0662 | J11: Walter Lesmes | K11: C125981 | L11: A | M11: A Shift: Salt Lake City - Q - 600am-600pm Rotating Tues,Wed,Sat/Sun,Mon, Thurs,Fri | N11: 1200 | O11: Production Specialist 1 - Mechanical Assembly | P11: Alondra Landin | Q11: L | R11: 46258.25 | S11: Yes | T11: FALSE
A12: Paulo.Gonzalez@flex.com | H12: YES | I12: =IF($K12="","",IFERROR(_xlfn.XLOOKUP($K12,_StartedStatus!$M:$M,_StartedStatus!$B:$B,"")&"","")) -> FLX0664 | J12: Kahirys Maria Melendez | K12: C125982 | L12: A | M12: A Shift: Salt Lake City - Q - 600am-600pm Rotating Tues,Wed,Sat/Sun,Mon, Thurs,Fri | N12: 1200 | O12: Production Specialist 1 - Mechanical Assembly | P12: Jose Gonzalez | Q12: M | R12: 46258.25 | S12: Yes | T12: FALSE
A13: Christopher.Villanueva@flex.com | H13: YES | I13: =IF($K13="","",IFERROR(_xlfn.XLOOKUP($K13,_StartedStatus!$M:$M,_StartedStatus!$B:$B,"")&"","")) -> FLX0671 | J13: Juan Pablo Saenz | K13: C125983 | L13: C | M13: C Shift: Salt Lake City - O - 600am-600pm Rotating Sun,Mon,Thurs, Fri/Tues,Wed,Sat | N13: 1200 | O13: Production Specialist 1 - Cold Room | P13: Yaritza Garza | Q13: =IF($K13="","",IFERROR(_xlfn.XLOOKUP($K13,_StartedStatus!$M:$M,_StartedStatus!$J:$J,"")&"","")) | R13: 46258.25 | S13: Yes | T13: FALSE
A14: Edwin.Paballa@flex.com | H14: YES | I14: =IF($K14="","",IFERROR(_xlfn.XLOOKUP($K14,_StartedStatus!$M:$M,_StartedStatus!$B:$B,"")&"","")) -> FLX0679 | J14: Nelly Parra Lucena | K14: C126002 | L14: A | M14: A Shift: Salt Lake City - Q - 600am-600pm Rotating Tues,Wed,Sat/Sun,Mon, Thurs,Fri | N14: 1200 | O14: Production Specialist 1 - Mechanical Assembly | P14: Alondra Landin | Q14: =IF($K14="","",IFERROR(_xlfn.XLOOKUP($K14,_StartedStatus!$M:$M,_StartedStatus!$J:$J,"")&"","")) | R14: 46258.25 | S14: Yes | T14: FALSE
A15: Avigail.Zamora@flex.com | H15: YES | I15: =IF($K15="","",IFERROR(_xlfn.XLOOKUP($K15,_StartedStatus!$M:$M,_StartedStatus!$B:$B,"")&"","")) -> FLX0680 | J15: Ghileny Garces Parra | K15: C126009 | L15: A | M15: A Shift: Salt Lake City - Q - 600am-600pm Rotating Tues,Wed,Sat/Sun,Mon, Thurs,Fri | N15: 1200 | O15: Production Specialist 1 - Mechanical Assembly | P15: Alondra Landin | Q15: =IF($K15="","",IFERROR(_xlfn.XLOOKUP($K15,_StartedStatus!$M:$M,_StartedStatus!$J:$J,"")&"","")) | R15: 46258.25 | S15: Yes | T15: FALSE
A16: Us.slctrainingteam@flex.com | H16: YES | I16: =IF($K16="","",IFERROR(_xlfn.XLOOKUP($K16,_StartedStatus!$M:$M,_StartedStatus!$B:$B,"")&"","")) -> FLX0681 | J16: Loinny Avila | K16: C126025 | L16: A | M16: A Shift: Salt Lake City - Q - 600am-600pm Rotating Tues,Wed,Sat/Sun,Mon, Thurs,Fri | N16: 1200 | O16: Production Specialist 1 - Cold Room | P16: Barbara Garcia (1137177) | Q16: =IF($K16="","",IFERROR(_xlfn.XLOOKUP($K16,_StartedStatus!$M:$M,_StartedStatus!$J:$J,"")&"","")) | R16: 46258.25 | S16: Yes | T16: FALSE
A17: Jennifer.Medina@flex.com | H17: YES | I17: =IF($K17="","",IFERROR(_xlfn.XLOOKUP($K17,_StartedStatus!$M:$M,_StartedStatus!$B:$B,"")&"","")) -> FLX0687 | J17: Miguel Penuela Sequera | K17: C126015 | L17: C | M17: C Shift: Salt Lake City - O - 600am-600pm Rotating Sun,Mon,Thurs, Fri/Tues,Wed,Sat | N17: 1200 | O17: Production Specialist 1 - Materials | P17: Mariana Ballesteros (1174672) | Q17: =IF($K17="","",IFERROR(_xlfn.XLOOKUP($K17,_StartedStatus!$M:$M,_StartedStatus!$J:$J,"")&"","")) | R17: 46258.25 | S17: Yes | T17: FALSE
H18: YES | I18: =IF($K18="","",IFERROR(_xlfn.XLOOKUP($K18,_StartedStatus!$M:$M,_StartedStatus!$B:$B,"")&"","")) -> FLX0688 | J18: Stefani Rios | K18: C126018 | L18: C | M18: C Shift: Salt Lake City - O - 600am-600pm Rotating Sun,Mon,Thurs, Fri/Tues,Wed,Sat | N18: 1200 | O18: Production Specialist 1 - Materials | P18: Mariana Ballesteros (1174672) | Q18: =IF($K18="","",IFERROR(_xlfn.XLOOKUP($K18,_StartedStatus!$M:$M,_StartedStatus!$J:$J,"")&"","")) | R18: 46258.25 | S18: Yes | T18: FALSE
H19: YES | I19: =IF($K19="","",IFERROR(_xlfn.XLOOKUP($K19,_StartedStatus!$M:$M,_StartedStatus!$B:$B,"")&"","")) -> FLX0690 | J19: Ricardo Merril | K19: C126023 | L19: C | M19: C Shift: Salt Lake City - O - 600am-600pm Rotating Sun,Mon,Thurs, Fri/Tues,Wed,Sat | N19: 1200 | O19: Production Specialist 1 - Materials | P19: Dario Mendez Toyo (1174155) | Q19: =IF($K19="","",IFERROR(_xlfn.XLOOKUP($K19,_StartedStatus!$M:$M,_StartedStatus!$J:$J,"")&"","")) | R19: 46258.25 | S19: Yes | T19: FALSE
H20: YES | I20: =IF($K20="","",IFERROR(_xlfn.XLOOKUP($K20,_StartedStatus!$M:$M,_StartedStatus!$B:$B,"")&"","")) -> FLX0691 | J20: Maria Cruz | K20: C126021 | L20: C | M20: C Shift: Salt Lake City - O - 600am-600pm Rotating Sun,Mon,Thurs, Fri/Tues,Wed,Sat | N20: 1200 | O20: Production Specialist 1 - Mechanical Assembly | P20: Valeria Mendez (1181800) | Q20: =IF($K20="","",IFERROR(_xlfn.XLOOKUP($K20,_StartedStatus!$M:$M,_StartedStatus!$J:$J,"")&"","")) | R20: 46258.25 | S20: Yes | T20: FALSE
H21: YES | I21: =IF($K21="","",IFERROR(_xlfn.XLOOKUP($K21,_StartedStatus!$M:$M,_StartedStatus!$B:$B,"")&"","")) -> FLX0700 | J21: Jorge Aldana | K21: C126044 | L21: B | M21: B Shift: Salt Lake City - P - 600pm-600a Rotating Tues,Wed,Sat/Sun,Mon,Thurs,Fri (15% Diff) | N21: 1200 | O21: Production Specialist 1 - Materials | P21: Sanel Kudic | Q21: =IF($K21="","",IFERROR(_xlfn.XLOOKUP($K21,_StartedStatus!$M:$M,_StartedStatus!$J:$J,"")&"","")) | R21: 46258.25 | S21: Yes | T21: FALSE
H22: YES | I22: =IF($K22="","",IFERROR(_xlfn.XLOOKUP($K22,_StartedStatus!$M:$M,_StartedStatus!$B:$B,"")&"","")) -> FLX0702 | J22: Elias Dobieksi | K22: C126045 | L22: B | M22: B Shift: Salt Lake City - P - 600pm-600a Rotating Tues,Wed,Sat/Sun,Mon,Thurs,Fri (15% Diff) | N22: 1200 | O22: Production Specialist 1 - Materials | P22: Paola Guzman | Q22: =IF($K22="","",IFERROR(_xlfn.XLOOKUP($K22,_StartedStatus!$M:$M,_StartedStatus!$J:$J,"")&"","")) | R22: 46258.25 | S22: Yes | T22: FALSE
H23: YES | I23: =IF($K23="","",IFERROR(_xlfn.XLOOKUP($K23,_StartedStatus!$M:$M,_StartedStatus!$B:$B,"")&"","")) -> FLX0703 | J23: Pedro Ruis Medina | K23: C126014 | L23: B | M23: B Shift: Salt Lake City - P - 600pm-600a Rotating Tues,Wed,Sat/Sun,Mon,Thurs,Fri (15% Diff) | N23: 1200 | O23: Production Specialist 1 - Materials | P23: Paola Guzman | Q23: M | R23: 46258.25 | S23: Yes | T23: FALSE
H24: YES | I24: =IF($K24="","",IFERROR(_xlfn.XLOOKUP($K24,_StartedStatus!$M:$M,_StartedStatus!$B:$B,"")&"","")) -> FLX0711 | J24: Gabriel Alviarez | K24: C126013 | L24: D | M24: D Shift: Salt Lake City - N - 600pm-600a Rotating Sun,Mon,Thurs, Fri/Tues,Wed,Sat (15% Diff) | N24: 1200 | O24: Production Specialist 1 - Materials | P24: Gaige Snow | Q24: =IF($K24="","",IFERROR(_xlfn.XLOOKUP($K24,_StartedStatus!$M:$M,_StartedStatus!$J:$J,"")&"","")) | R24: 46258.25 | S24: Yes | T24: FALSE
H25: YES | I25: =IF($K25="","",IFERROR(_xlfn.XLOOKUP($K25,_StartedStatus!$M:$M,_StartedStatus!$B:$B,"")&"","")) -> FLX0712 | J25: Yorman Yanez | K25: C126012 | L25: D | M25: D Shift: Salt Lake City - N - 600pm-600a Rotating Sun,Mon,Thurs, Fri/Tues,Wed,Sat (15% Diff) | N25: 1200 | O25: Production Specialist 1 - Materials | P25: Gaige Snow | Q25: M | R25: 46258.25 | S25: Yes | T25: FALSE
H26: YES | I26: =IF($K26="","",IFERROR(_xlfn.XLOOKUP($K26,_StartedStatus!$M:$M,_StartedStatus!$B:$B,"")&"","")) -> FLX0714 | J26: Kimberly Martinez | K26: C126010 | L26: D | M26: D Shift: Salt Lake City - N - 600pm-600a Rotating Sun,Mon,Thurs, Fri/Tues,Wed,Sat (15% Diff) | N26: 1200 | O26: Production Specialist 1 - Materials | P26: Mel Kellar (1142020) | Q26: M | R26: 46258.25 | S26: Yes | T26: FALSE
H27: =IF($K27="","","YES") -> YES | I27: =IF($K27="","",IFERROR(_xlfn.XLOOKUP($K27,_StartedStatus!$M:$M,_StartedStatus!$B:$B,"")&"","")) -> FLX0711 | J27: =IF($K27="","",IFERROR(_xlfn.XLOOKUP($K27,_StartedStatus!$M:$M,_StartedStatus!$F:$F,"")&"","")) -> Gabriel Alviarez | K27: C126013 | L27: =IF($M27="","",LEFT(TRIM($M27),1)) -> D | M27: =IF($K27="","",IFERROR(_xlfn.XLOOKUP($K27,_StartedStatus!$M:$M,_StartedStatus!$L:$L,"")&"","")) -> D Shift: Salt Lake City - N - 600pm-600a Rotating Sun,Mon,Thurs, Fri/Tues,Wed,Sat (15% Diff) | N27: =IF($K27="","",1200) -> 1200 | O27: =IF($K27="","",IFERROR(_xlfn.XLOOKUP($K27,_StartedStatus!$M:$M,_StartedStatus!$K:$K,"")&"","")) -> Production Specialist 1 - Materials | P27: =IF($K27="","",IFERROR(_xlfn.XLOOKUP($K27,_StartedStatus!$M:$M,_StartedStatus!$C:$C,"")&"","")) -> Gaige Snow | Q27: =IF($K27="","",IFERROR(_xlfn.XLOOKUP($K27,_StartedStatus!$M:$M,_StartedStatus!$J:$J,"")&"","")) | R27: =IF($K27="","",IFERROR(_xlfn.XLOOKUP($K27,_StartedStatus!$M:$M,_StartedStatus!$U:$U,""),"")) -> 0 | S27: =IF($K27="","","Yes") -> Yes | T27: FALSE
H28: =IF($K28="","","YES") -> YES | I28: =IF($K28="","",IFERROR(_xlfn.XLOOKUP($K28,_StartedStatus!$M:$M,_StartedStatus!$B:$B,"")&"","")) -> FLX0712 | J28: =IF($K28="","",IFERROR(_xlfn.XLOOKUP($K28,_StartedStatus!$M:$M,_StartedStatus!$F:$F,"")&"","")) -> Yorman Yanez | K28: C126012 | L28: =IF($M28="","",LEFT(TRIM($M28),1)) -> D | M28: =IF($K28="","",IFERROR(_xlfn.XLOOKUP($K28,_StartedStatus!$M:$M,_StartedStatus!$L:$L,"")&"","")) -> D Shift: Salt Lake City - N - 600pm-600a Rotating Sun,Mon,Thurs, Fri/Tues,Wed,Sat (15% Diff) | N28: =IF($K28="","",1200) -> 1200 | O28: =IF($K28="","",IFERROR(_xlfn.XLOOKUP($K28,_StartedStatus!$M:$M,_StartedStatus!$K:$K,"")&"","")) -> Production Specialist 1 - Materials | P28: =IF($K28="","",IFERROR(_xlfn.XLOOKUP($K28,_StartedStatus!$M:$M,_StartedStatus!$C:$C,"")&"","")) -> Gaige Snow | Q28: =IF($K28="","",IFERROR(_xlfn.XLOOKUP($K28,_StartedStatus!$M:$M,_StartedStatus!$J:$J,"")&"","")) -> M | R28: =IF($K28="","",IFERROR(_xlfn.XLOOKUP($K28,_StartedStatus!$M:$M,_StartedStatus!$U:$U,""),"")) -> 0 | S28: =IF($K28="","","Yes") -> Yes | T28: FALSE
H29: =IF($K29="","","YES") -> YES | I29: =IF($K29="","",IFERROR(_xlfn.XLOOKUP($K29,_StartedStatus!$M:$M,_StartedStatus!$B:$B,"")&"","")) -> FLX0714 | J29: =IF($K29="","",IFERROR(_xlfn.XLOOKUP($K29,_StartedStatus!$M:$M,_StartedStatus!$F:$F,"")&"","")) -> Kimberly Martinez | K29: C126010 | L29: =IF($M29="","",LEFT(TRIM($M29),1)) -> D | M29: =IF($K29="","",IFERROR(_xlfn.XLOOKUP($K29,_StartedStatus!$M:$M,_StartedStatus!$L:$L,"")&"","")) -> D Shift: Salt Lake City - N - 600pm-600a Rotating Sun,Mon,Thurs, Fri/Tues,Wed,Sat (15% Diff) | N29: =IF($K29="","",1200) -> 1200 | O29: =IF($K29="","",IFERROR(_xlfn.XLOOKUP($K29,_StartedStatus!$M:$M,_StartedStatus!$K:$K,"")&"","")) -> Production Specialist 1 - Materials | P29: =IF($K29="","",IFERROR(_xlfn.XLOOKUP($K29,_StartedStatus!$M:$M,_StartedStatus!$C:$C,"")&"","")) -> Mel Kellar (1142020) | Q29: =IF($K29="","",IFERROR(_xlfn.XLOOKUP($K29,_StartedStatus!$M:$M,_StartedStatus!$J:$J,"")&"","")) -> M | R29: =IF($K29="","",IFERROR(_xlfn.XLOOKUP($K29,_StartedStatus!$M:$M,_StartedStatus!$U:$U,""),"")) -> 0 | S29: =IF($K29="","","Yes") -> Yes | T29: FALSE
H30: =IF($K30="","","YES") | I30: =IF($K30="","",IFERROR(_xlfn.XLOOKUP($K30,_StartedStatus!$M:$M,_StartedStatus!$B:$B,"")&"","")) | J30: =IF($K30="","",IFERROR(_xlfn.XLOOKUP($K30,_StartedStatus!$M:$M,_StartedStatus!$F:$F,"")&"","")) | L30: =IF($M30="","",LEFT(TRIM($M30),1)) | M30: =IF($K30="","",IFERROR(_xlfn.XLOOKUP($K30,_StartedStatus!$M:$M,_StartedStatus!$L:$L,"")&"","")) | N30: =IF($K30="","",1200) | O30: =IF($K30="","",IFERROR(_xlfn.XLOOKUP($K30,_StartedStatus!$M:$M,_StartedStatus!$K:$K,"")&"","")) | P30: =IF($K30="","",IFERROR(_xlfn.XLOOKUP($K30,_StartedStatus!$M:$M,_StartedStatus!$C:$C,"")&"","")) | Q30: =IF($K30="","",IFERROR(_xlfn.XLOOKUP($K30,_StartedStatus!$M:$M,_StartedStatus!$J:$J,"")&"","")) | R30: =IF($K30="","",IFERROR(_xlfn.XLOOKUP($K30,_StartedStatus!$M:$M,_StartedStatus!$U:$U,""),"")) | S30: =IF($K30="","","Yes") | T30: FALSE
H31: =IF($K31="","","YES") | I31: =IF($K31="","",IFERROR(_xlfn.XLOOKUP($K31,_StartedStatus!$M:$M,_StartedStatus!$B:$B,"")&"","")) | J31: =IF($K31="","",IFERROR(_xlfn.XLOOKUP($K31,_StartedStatus!$M:$M,_StartedStatus!$F:$F,"")&"","")) | L31: =IF($M31="","",LEFT(TRIM($M31),1)) | M31: =IF($K31="","",IFERROR(_xlfn.XLOOKUP($K31,_StartedStatus!$M:$M,_StartedStatus!$L:$L,"")&"","")) | N31: =IF($K31="","",1200) | O31: =IF($K31="","",IFERROR(_xlfn.XLOOKUP($K31,_StartedStatus!$M:$M,_StartedStatus!$K:$K,"")&"","")) | P31: =IF($K31="","",IFERROR(_xlfn.XLOOKUP($K31,_StartedStatus!$M:$M,_StartedStatus!$C:$C,"")&"","")) | Q31: =IF($K31="","",IFERROR(_xlfn.XLOOKUP($K31,_StartedStatus!$M:$M,_StartedStatus!$J:$J,"")&"","")) | R31: =IF($K31="","",IFERROR(_xlfn.XLOOKUP($K31,_StartedStatus!$M:$M,_StartedStatus!$U:$U,""),"")) | S31: =IF($K31="","","Yes") | T31: FALSE
H32: =IF($K32="","","YES") | I32: =IF($K32="","",IFERROR(_xlfn.XLOOKUP($K32,_StartedStatus!$M:$M,_StartedStatus!$B:$B,"")&"","")) | J32: =IF($K32="","",IFERROR(_xlfn.XLOOKUP($K32,_StartedStatus!$M:$M,_StartedStatus!$F:$F,"")&"","")) | L32: =IF($M32="","",LEFT(TRIM($M32),1)) | M32: =IF($K32="","",IFERROR(_xlfn.XLOOKUP($K32,_StartedStatus!$M:$M,_StartedStatus!$L:$L,"")&"","")) | N32: =IF($K32="","",1200) | O32: =IF($K32="","",IFERROR(_xlfn.XLOOKUP($K32,_StartedStatus!$M:$M,_StartedStatus!$K:$K,"")&"","")) | P32: =IF($K32="","",IFERROR(_xlfn.XLOOKUP($K32,_StartedStatus!$M:$M,_StartedStatus!$C:$C,"")&"","")) | Q32: =IF($K32="","",IFERROR(_xlfn.XLOOKUP($K32,_StartedStatus!$M:$M,_StartedStatus!$J:$J,"")&"","")) | R32: =IF($K32="","",IFERROR(_xlfn.XLOOKUP($K32,_StartedStatus!$M:$M,_StartedStatus!$U:$U,""),"")) | S32: =IF($K32="","","Yes") | T32: FALSE
H33: =IF($K33="","","YES") | I33: =IF($K33="","",IFERROR(_xlfn.XLOOKUP($K33,_StartedStatus!$M:$M,_StartedStatus!$B:$B,"")&"","")) | J33: =IF($K33="","",IFERROR(_xlfn.XLOOKUP($K33,_StartedStatus!$M:$M,_StartedStatus!$F:$F,"")&"","")) | L33: =IF($M33="","",LEFT(TRIM($M33),1)) | M33: =IF($K33="","",IFERROR(_xlfn.XLOOKUP($K33,_StartedStatus!$M:$M,_StartedStatus!$L:$L,"")&"","")) | N33: =IF($K33="","",1200) | O33: =IF($K33="","",IFERROR(_xlfn.XLOOKUP($K33,_StartedStatus!$M:$M,_StartedStatus!$K:$K,"")&"","")) | P33: =IF($K33="","",IFERROR(_xlfn.XLOOKUP($K33,_StartedStatus!$M:$M,_StartedStatus!$C:$C,"")&"","")) | Q33: =IF($K33="","",IFERROR(_xlfn.XLOOKUP($K33,_StartedStatus!$M:$M,_StartedStatus!$J:$J,"")&"","")) | R33: =IF($K33="","",IFERROR(_xlfn.XLOOKUP($K33,_StartedStatus!$M:$M,_StartedStatus!$U:$U,""),"")) | S33: =IF($K33="","","Yes") | T33: FALSE
H34: =IF($K34="","","YES") | I34: =IF($K34="","",IFERROR(_xlfn.XLOOKUP($K34,_StartedStatus!$M:$M,_StartedStatus!$B:$B,"")&"","")) | J34: =IF($K34="","",IFERROR(_xlfn.XLOOKUP($K34,_StartedStatus!$M:$M,_StartedStatus!$F:$F,"")&"","")) | L34: =IF($M34="","",LEFT(TRIM($M34),1)) | M34: =IF($K34="","",IFERROR(_xlfn.XLOOKUP($K34,_StartedStatus!$M:$M,_StartedStatus!$L:$L,"")&"","")) | N34: =IF($K34="","",1200) | O34: =IF($K34="","",IFERROR(_xlfn.XLOOKUP($K34,_StartedStatus!$M:$M,_StartedStatus!$K:$K,"")&"","")) | P34: =IF($K34="","",IFERROR(_xlfn.XLOOKUP($K34,_StartedStatus!$M:$M,_StartedStatus!$C:$C,"")&"","")) | Q34: =IF($K34="","",IFERROR(_xlfn.XLOOKUP($K34,_StartedStatus!$M:$M,_StartedStatus!$J:$J,"")&"","")) | R34: =IF($K34="","",IFERROR(_xlfn.XLOOKUP($K34,_StartedStatus!$M:$M,_StartedStatus!$U:$U,""),"")) | S34: =IF($K34="","","Yes") | T34: FALSE
H35: =IF($K35="","","YES") | I35: =IF($K35="","",IFERROR(_xlfn.XLOOKUP($K35,_StartedStatus!$M:$M,_StartedStatus!$B:$B,"")&"","")) | J35: =IF($K35="","",IFERROR(_xlfn.XLOOKUP($K35,_StartedStatus!$M:$M,_StartedStatus!$F:$F,"")&"","")) | L35: =IF($M35="","",LEFT(TRIM($M35),1)) | M35: =IF($K35="","",IFERROR(_xlfn.XLOOKUP($K35,_StartedStatus!$M:$M,_StartedStatus!$L:$L,"")&"","")) | N35: =IF($K35="","",1200) | O35: =IF($K35="","",IFERROR(_xlfn.XLOOKUP($K35,_StartedStatus!$M:$M,_StartedStatus!$K:$K,"")&"","")) | P35: =IF($K35="","",IFERROR(_xlfn.XLOOKUP($K35,_StartedStatus!$M:$M,_StartedStatus!$C:$C,"")&"","")) | Q35: =IF($K35="","",IFERROR(_xlfn.XLOOKUP($K35,_StartedStatus!$M:$M,_StartedStatus!$J:$J,"")&"","")) | R35: =IF($K35="","",IFERROR(_xlfn.XLOOKUP($K35,_StartedStatus!$M:$M,_StartedStatus!$U:$U,""),"")) | S35: =IF($K35="","","Yes") | T35: FALSE
H36: =IF($K36="","","YES") | I36: =IF($K36="","",IFERROR(_xlfn.XLOOKUP($K36,_StartedStatus!$M:$M,_StartedStatus!$B:$B,"")&"","")) | J36: =IF($K36="","",IFERROR(_xlfn.XLOOKUP($K36,_StartedStatus!$M:$M,_StartedStatus!$F:$F,"")&"","")) | L36: =IF($M36="","",LEFT(TRIM($M36),1)) | M36: =IF($K36="","",IFERROR(_xlfn.XLOOKUP($K36,_StartedStatus!$M:$M,_StartedStatus!$L:$L,"")&"","")) | N36: =IF($K36="","",1200) | O36: =IF($K36="","",IFERROR(_xlfn.XLOOKUP($K36,_StartedStatus!$M:$M,_StartedStatus!$K:$K,"")&"","")) | P36: =IF($K36="","",IFERROR(_xlfn.XLOOKUP($K36,_StartedStatus!$M:$M,_StartedStatus!$C:$C,"")&"","")) | Q36: =IF($K36="","",IFERROR(_xlfn.XLOOKUP($K36,_StartedStatus!$M:$M,_StartedStatus!$J:$J,"")&"","")) | R36: =IF($K36="","",IFERROR(_xlfn.XLOOKUP($K36,_StartedStatus!$M:$M,_StartedStatus!$U:$U,""),"")) | S36: =IF($K36="","","Yes") | T36: FALSE
H37: =IF($K37="","","YES") | I37: =IF($K37="","",IFERROR(_xlfn.XLOOKUP($K37,_StartedStatus!$M:$M,_StartedStatus!$B:$B,"")&"","")) | J37: =IF($K37="","",IFERROR(_xlfn.XLOOKUP($K37,_StartedStatus!$M:$M,_StartedStatus!$F:$F,"")&"","")) | L37: =IF($M37="","",LEFT(TRIM($M37),1)) | M37: =IF($K37="","",IFERROR(_xlfn.XLOOKUP($K37,_StartedStatus!$M:$M,_StartedStatus!$L:$L,"")&"","")) | N37: =IF($K37="","",1200) | O37: =IF($K37="","",IFERROR(_xlfn.XLOOKUP($K37,_StartedStatus!$M:$M,_StartedStatus!$K:$K,"")&"","")) | P37: =IF($K37="","",IFERROR(_xlfn.XLOOKUP($K37,_StartedStatus!$M:$M,_StartedStatus!$C:$C,"")&"","")) | Q37: =IF($K37="","",IFERROR(_xlfn.XLOOKUP($K37,_StartedStatus!$M:$M,_StartedStatus!$J:$J,"")&"","")) | R37: =IF($K37="","",IFERROR(_xlfn.XLOOKUP($K37,_StartedStatus!$M:$M,_StartedStatus!$U:$U,""),"")) | S37: =IF($K37="","","Yes") | T37: FALSE
H38: =IF($K38="","","YES") | I38: =IF($K38="","",IFERROR(_xlfn.XLOOKUP($K38,_StartedStatus!$M:$M,_StartedStatus!$B:$B,"")&"","")) | J38: =IF($K38="","",IFERROR(_xlfn.XLOOKUP($K38,_StartedStatus!$M:$M,_StartedStatus!$F:$F,"")&"","")) | L38: =IF($M38="","",LEFT(TRIM($M38),1)) | M38: =IF($K38="","",IFERROR(_xlfn.XLOOKUP($K38,_StartedStatus!$M:$M,_StartedStatus!$L:$L,"")&"","")) | N38: =IF($K38="","",1200) | O38: =IF($K38="","",IFERROR(_xlfn.XLOOKUP($K38,_StartedStatus!$M:$M,_StartedStatus!$K:$K,"")&"","")) | P38: =IF($K38="","",IFERROR(_xlfn.XLOOKUP($K38,_StartedStatus!$M:$M,_StartedStatus!$C:$C,"")&"","")) | Q38: =IF($K38="","",IFERROR(_xlfn.XLOOKUP($K38,_StartedStatus!$M:$M,_StartedStatus!$J:$J,"")&"","")) | R38: =IF($K38="","",IFERROR(_xlfn.XLOOKUP($K38,_StartedStatus!$M:$M,_StartedStatus!$U:$U,""),"")) | S38: =IF($K38="","","Yes") | T38: FALSE
H39: =IF($K39="","","YES") | I39: =IF($K39="","",IFERROR(_xlfn.XLOOKUP($K39,_StartedStatus!$M:$M,_StartedStatus!$B:$B,"")&"","")) | J39: =IF($K39="","",IFERROR(_xlfn.XLOOKUP($K39,_StartedStatus!$M:$M,_StartedStatus!$F:$F,"")&"","")) | L39: =IF($M39="","",LEFT(TRIM($M39),1)) | M39: =IF($K39="","",IFERROR(_xlfn.XLOOKUP($K39,_StartedStatus!$M:$M,_StartedStatus!$L:$L,"")&"","")) | N39: =IF($K39="","",1200) | O39: =IF($K39="","",IFERROR(_xlfn.XLOOKUP($K39,_StartedStatus!$M:$M,_StartedStatus!$K:$K,"")&"","")) | P39: =IF($K39="","",IFERROR(_xlfn.XLOOKUP($K39,_StartedStatus!$M:$M,_StartedStatus!$C:$C,"")&"","")) | Q39: =IF($K39="","",IFERROR(_xlfn.XLOOKUP($K39,_StartedStatus!$M:$M,_StartedStatus!$J:$J,"")&"","")) | R39: =IF($K39="","",IFERROR(_xlfn.XLOOKUP($K39,_StartedStatus!$M:$M,_StartedStatus!$U:$U,""),"")) | S39: =IF($K39="","","Yes") | T39: FALSE
H40: =IF($K40="","","YES") | I40: =IF($K40="","",IFERROR(_xlfn.XLOOKUP($K40,_StartedStatus!$M:$M,_StartedStatus!$B:$B,"")&"","")) | J40: =IF($K40="","",IFERROR(_xlfn.XLOOKUP($K40,_StartedStatus!$M:$M,_StartedStatus!$F:$F,"")&"","")) | L40: =IF($M40="","",LEFT(TRIM($M40),1)) | M40: =IF($K40="","",IFERROR(_xlfn.XLOOKUP($K40,_StartedStatus!$M:$M,_StartedStatus!$L:$L,"")&"","")) | N40: =IF($K40="","",1200) | O40: =IF($K40="","",IFERROR(_xlfn.XLOOKUP($K40,_StartedStatus!$M:$M,_StartedStatus!$K:$K,"")&"","")) | P40: =IF($K40="","",IFERROR(_xlfn.XLOOKUP($K40,_StartedStatus!$M:$M,_StartedStatus!$C:$C,"")&"","")) | Q40: =IF($K40="","",IFERROR(_xlfn.XLOOKUP($K40,_StartedStatus!$M:$M,_StartedStatus!$J:$J,"")&"","")) | R40: =IF($K40="","",IFERROR(_xlfn.XLOOKUP($K40,_StartedStatus!$M:$M,_StartedStatus!$U:$U,""),"")) | S40: =IF($K40="","","Yes") | T40: FALSE
H41: =IF($K41="","","YES") | I41: =IF($K41="","",IFERROR(_xlfn.XLOOKUP($K41,_StartedStatus!$M:$M,_StartedStatus!$B:$B,"")&"","")) | J41: =IF($K41="","",IFERROR(_xlfn.XLOOKUP($K41,_StartedStatus!$M:$M,_StartedStatus!$F:$F,"")&"","")) | L41: =IF($M41="","",LEFT(TRIM($M41),1)) | M41: =IF($K41="","",IFERROR(_xlfn.XLOOKUP($K41,_StartedStatus!$M:$M,_StartedStatus!$L:$L,"")&"","")) | N41: =IF($K41="","",1200) | O41: =IF($K41="","",IFERROR(_xlfn.XLOOKUP($K41,_StartedStatus!$M:$M,_StartedStatus!$K:$K,"")&"","")) | P41: =IF($K41="","",IFERROR(_xlfn.XLOOKUP($K41,_StartedStatus!$M:$M,_StartedStatus!$C:$C,"")&"","")) | Q41: =IF($K41="","",IFERROR(_xlfn.XLOOKUP($K41,_StartedStatus!$M:$M,_StartedStatus!$J:$J,"")&"","")) | R41: =IF($K41="","",IFERROR(_xlfn.XLOOKUP($K41,_StartedStatus!$M:$M,_StartedStatus!$U:$U,""),"")) | S41: =IF($K41="","","Yes") | T41: FALSE
H42: =IF($K42="","","YES") | I42: =IF($K42="","",IFERROR(_xlfn.XLOOKUP($K42,_StartedStatus!$M:$M,_StartedStatus!$B:$B,"")&"","")) | J42: =IF($K42="","",IFERROR(_xlfn.XLOOKUP($K42,_StartedStatus!$M:$M,_StartedStatus!$F:$F,"")&"","")) | L42: =IF($M42="","",LEFT(TRIM($M42),1)) | M42: =IF($K42="","",IFERROR(_xlfn.XLOOKUP($K42,_StartedStatus!$M:$M,_StartedStatus!$L:$L,"")&"","")) | N42: =IF($K42="","",1200) | O42: =IF($K42="","",IFERROR(_xlfn.XLOOKUP($K42,_StartedStatus!$M:$M,_StartedStatus!$K:$K,"")&"","")) | P42: =IF($K42="","",IFERROR(_xlfn.XLOOKUP($K42,_StartedStatus!$M:$M,_StartedStatus!$C:$C,"")&"","")) | Q42: =IF($K42="","",IFERROR(_xlfn.XLOOKUP($K42,_StartedStatus!$M:$M,_StartedStatus!$J:$J,"")&"","")) | R42: =IF($K42="","",IFERROR(_xlfn.XLOOKUP($K42,_StartedStatus!$M:$M,_StartedStatus!$U:$U,""),"")) | S42: =IF($K42="","","Yes") | T42: FALSE
H43: =IF($K43="","","YES") | I43: =IF($K43="","",IFERROR(_xlfn.XLOOKUP($K43,_StartedStatus!$M:$M,_StartedStatus!$B:$B,"")&"","")) | J43: =IF($K43="","",IFERROR(_xlfn.XLOOKUP($K43,_StartedStatus!$M:$M,_StartedStatus!$F:$F,"")&"","")) | L43: =IF($M43="","",LEFT(TRIM($M43),1)) | M43: =IF($K43="","",IFERROR(_xlfn.XLOOKUP($K43,_StartedStatus!$M:$M,_StartedStatus!$L:$L,"")&"","")) | N43: =IF($K43="","",1200) | O43: =IF($K43="","",IFERROR(_xlfn.XLOOKUP($K43,_StartedStatus!$M:$M,_StartedStatus!$K:$K,"")&"","")) | P43: =IF($K43="","",IFERROR(_xlfn.XLOOKUP($K43,_StartedStatus!$M:$M,_StartedStatus!$C:$C,"")&"","")) | Q43: =IF($K43="","",IFERROR(_xlfn.XLOOKUP($K43,_StartedStatus!$M:$M,_StartedStatus!$J:$J,"")&"","")) | R43: =IF($K43="","",IFERROR(_xlfn.XLOOKUP($K43,_StartedStatus!$M:$M,_StartedStatus!$U:$U,""),"")) | S43: =IF($K43="","","Yes")
H44: =IF($K44="","","YES") | I44: =IF($K44="","",IFERROR(_xlfn.XLOOKUP($K44,_StartedStatus!$M:$M,_StartedStatus!$B:$B,"")&"","")) | J44: =IF($K44="","",IFERROR(_xlfn.XLOOKUP($K44,_StartedStatus!$M:$M,_StartedStatus!$F:$F,"")&"","")) | L44: =IF($M44="","",LEFT(TRIM($M44),1)) | M44: =IF($K44="","",IFERROR(_xlfn.XLOOKUP($K44,_StartedStatus!$M:$M,_StartedStatus!$L:$L,"")&"","")) | N44: =IF($K44="","",1200) | O44: =IF($K44="","",IFERROR(_xlfn.XLOOKUP($K44,_StartedStatus!$M:$M,_StartedStatus!$K:$K,"")&"","")) | P44: =IF($K44="","",IFERROR(_xlfn.XLOOKUP($K44,_StartedStatus!$M:$M,_StartedStatus!$C:$C,"")&"","")) | Q44: =IF($K44="","",IFERROR(_xlfn.XLOOKUP($K44,_StartedStatus!$M:$M,_StartedStatus!$J:$J,"")&"","")) | R44: =IF($K44="","",IFERROR(_xlfn.XLOOKUP($K44,_StartedStatus!$M:$M,_StartedStatus!$U:$U,""),"")) | S44: =IF($K44="","","Yes")
H45: =IF($K45="","","YES") | I45: =IF($K45="","",IFERROR(_xlfn.XLOOKUP($K45,_StartedStatus!$M:$M,_StartedStatus!$B:$B,"")&"","")) | J45: =IF($K45="","",IFERROR(_xlfn.XLOOKUP($K45,_StartedStatus!$M:$M,_StartedStatus!$F:$F,"")&"","")) | L45: =IF($M45="","",LEFT(TRIM($M45),1)) | M45: =IF($K45="","",IFERROR(_xlfn.XLOOKUP($K45,_StartedStatus!$M:$M,_StartedStatus!$L:$L,"")&"","")) | N45: =IF($K45="","",1200) | O45: =IF($K45="","",IFERROR(_xlfn.XLOOKUP($K45,_StartedStatus!$M:$M,_StartedStatus!$K:$K,"")&"","")) | P45: =IF($K45="","",IFERROR(_xlfn.XLOOKUP($K45,_StartedStatus!$M:$M,_StartedStatus!$C:$C,"")&"","")) | Q45: =IF($K45="","",IFERROR(_xlfn.XLOOKUP($K45,_StartedStatus!$M:$M,_StartedStatus!$J:$J,"")&"","")) | R45: =IF($K45="","",IFERROR(_xlfn.XLOOKUP($K45,_StartedStatus!$M:$M,_StartedStatus!$U:$U,""),"")) | S45: =IF($K45="","","Yes")
H46: =IF($K46="","","YES") | I46: =IF($K46="","",IFERROR(_xlfn.XLOOKUP($K46,_StartedStatus!$M:$M,_StartedStatus!$B:$B,"")&"","")) | J46: =IF($K46="","",IFERROR(_xlfn.XLOOKUP($K46,_StartedStatus!$M:$M,_StartedStatus!$F:$F,"")&"","")) | L46: =IF($M46="","",LEFT(TRIM($M46),1)) | M46: =IF($K46="","",IFERROR(_xlfn.XLOOKUP($K46,_StartedStatus!$M:$M,_StartedStatus!$L:$L,"")&"","")) | N46: =IF($K46="","",1200) | O46: =IF($K46="","",IFERROR(_xlfn.XLOOKUP($K46,_StartedStatus!$M:$M,_StartedStatus!$K:$K,"")&"","")) | P46: =IF($K46="","",IFERROR(_xlfn.XLOOKUP($K46,_StartedStatus!$M:$M,_StartedStatus!$C:$C,"")&"","")) | Q46: =IF($K46="","",IFERROR(_xlfn.XLOOKUP($K46,_StartedStatus!$M:$M,_StartedStatus!$J:$J,"")&"","")) | R46: =IF($K46="","",IFERROR(_xlfn.XLOOKUP($K46,_StartedStatus!$M:$M,_StartedStatus!$U:$U,""),"")) | S46: =IF($K46="","","Yes")
H47: =IF($K47="","","YES") | I47: =IF($K47="","",IFERROR(_xlfn.XLOOKUP($K47,_StartedStatus!$M:$M,_StartedStatus!$B:$B,"")&"","")) | J47: =IF($K47="","",IFERROR(_xlfn.XLOOKUP($K47,_StartedStatus!$M:$M,_StartedStatus!$F:$F,"")&"","")) | L47: =IF($M47="","",LEFT(TRIM($M47),1)) | M47: =IF($K47="","",IFERROR(_xlfn.XLOOKUP($K47,_StartedStatus!$M:$M,_StartedStatus!$L:$L,"")&"","")) | N47: =IF($K47="","",1200) | O47: =IF($K47="","",IFERROR(_xlfn.XLOOKUP($K47,_StartedStatus!$M:$M,_StartedStatus!$K:$K,"")&"","")) | P47: =IF($K47="","",IFERROR(_xlfn.XLOOKUP($K47,_StartedStatus!$M:$M,_StartedStatus!$C:$C,"")&"","")) | Q47: =IF($K47="","",IFERROR(_xlfn.XLOOKUP($K47,_StartedStatus!$M:$M,_StartedStatus!$J:$J,"")&"","")) | R47: =IF($K47="","",IFERROR(_xlfn.XLOOKUP($K47,_StartedStatus!$M:$M,_StartedStatus!$U:$U,""),"")) | S47: =IF($K47="","","Yes")
H48: =IF($K48="","","YES") | I48: =IF($K48="","",IFERROR(_xlfn.XLOOKUP($K48,_StartedStatus!$M:$M,_StartedStatus!$B:$B,"")&"","")) | J48: =IF($K48="","",IFERROR(_xlfn.XLOOKUP($K48,_StartedStatus!$M:$M,_StartedStatus!$F:$F,"")&"","")) | L48: =IF($M48="","",LEFT(TRIM($M48),1)) | M48: =IF($K48="","",IFERROR(_xlfn.XLOOKUP($K48,_StartedStatus!$M:$M,_StartedStatus!$L:$L,"")&"","")) | N48: =IF($K48="","",1200) | O48: =IF($K48="","",IFERROR(_xlfn.XLOOKUP($K48,_StartedStatus!$M:$M,_StartedStatus!$K:$K,"")&"","")) | P48: =IF($K48="","",IFERROR(_xlfn.XLOOKUP($K48,_StartedStatus!$M:$M,_StartedStatus!$C:$C,"")&"","")) | Q48: =IF($K48="","",IFERROR(_xlfn.XLOOKUP($K48,_StartedStatus!$M:$M,_StartedStatus!$J:$J,"")&"","")) | R48: =IF($K48="","",IFERROR(_xlfn.XLOOKUP($K48,_StartedStatus!$M:$M,_StartedStatus!$U:$U,""),"")) | S48: =IF($K48="","","Yes")
H49: =IF($K49="","","YES") | I49: =IF($K49="","",IFERROR(_xlfn.XLOOKUP($K49,_StartedStatus!$M:$M,_StartedStatus!$B:$B,"")&"","")) | J49: =IF($K49="","",IFERROR(_xlfn.XLOOKUP($K49,_StartedStatus!$M:$M,_StartedStatus!$F:$F,"")&"","")) | L49: =IF($M49="","",LEFT(TRIM($M49),1)) | M49: =IF($K49="","",IFERROR(_xlfn.XLOOKUP($K49,_StartedStatus!$M:$M,_StartedStatus!$L:$L,"")&"","")) | N49: =IF($K49="","",1200) | O49: =IF($K49="","",IFERROR(_xlfn.XLOOKUP($K49,_StartedStatus!$M:$M,_StartedStatus!$K:$K,"")&"","")) | P49: =IF($K49="","",IFERROR(_xlfn.XLOOKUP($K49,_StartedStatus!$M:$M,_StartedStatus!$C:$C,"")&"","")) | Q49: =IF($K49="","",IFERROR(_xlfn.XLOOKUP($K49,_StartedStatus!$M:$M,_StartedStatus!$J:$J,"")&"","")) | R49: =IF($K49="","",IFERROR(_xlfn.XLOOKUP($K49,_StartedStatus!$M:$M,_StartedStatus!$U:$U,""),"")) | S49: =IF($K49="","","Yes")
H50: =IF($K50="","","YES") | I50: =IF($K50="","",IFERROR(_xlfn.XLOOKUP($K50,_StartedStatus!$M:$M,_StartedStatus!$B:$B,"")&"","")) | J50: =IF($K50="","",IFERROR(_xlfn.XLOOKUP($K50,_StartedStatus!$M:$M,_StartedStatus!$F:$F,"")&"","")) | L50: =IF($M50="","",LEFT(TRIM($M50),1)) | M50: =IF($K50="","",IFERROR(_xlfn.XLOOKUP($K50,_StartedStatus!$M:$M,_StartedStatus!$L:$L,"")&"","")) | N50: =IF($K50="","",1200) | O50: =IF($K50="","",IFERROR(_xlfn.XLOOKUP($K50,_StartedStatus!$M:$M,_StartedStatus!$K:$K,"")&"","")) | P50: =IF($K50="","",IFERROR(_xlfn.XLOOKUP($K50,_StartedStatus!$M:$M,_StartedStatus!$C:$C,"")&"","")) | Q50: =IF($K50="","",IFERROR(_xlfn.XLOOKUP($K50,_StartedStatus!$M:$M,_StartedStatus!$J:$J,"")&"","")) | R50: =IF($K50="","",IFERROR(_xlfn.XLOOKUP($K50,_StartedStatus!$M:$M,_StartedStatus!$U:$U,""),"")) | S50: =IF($K50="","","Yes")
H51: =IF($K51="","","YES") | I51: =IF($K51="","",IFERROR(_xlfn.XLOOKUP($K51,_StartedStatus!$M:$M,_StartedStatus!$B:$B,"")&"","")) | J51: =IF($K51="","",IFERROR(_xlfn.XLOOKUP($K51,_StartedStatus!$M:$M,_StartedStatus!$F:$F,"")&"","")) | L51: =IF($M51="","",LEFT(TRIM($M51),1)) | M51: =IF($K51="","",IFERROR(_xlfn.XLOOKUP($K51,_StartedStatus!$M:$M,_StartedStatus!$L:$L,"")&"","")) | N51: =IF($K51="","",1200) | O51: =IF($K51="","",IFERROR(_xlfn.XLOOKUP($K51,_StartedStatus!$M:$M,_StartedStatus!$K:$K,"")&"","")) | P51: =IF($K51="","",IFERROR(_xlfn.XLOOKUP($K51,_StartedStatus!$M:$M,_StartedStatus!$C:$C,"")&"","")) | Q51: =IF($K51="","",IFERROR(_xlfn.XLOOKUP($K51,_StartedStatus!$M:$M,_StartedStatus!$J:$J,"")&"","")) | R51: =IF($K51="","",IFERROR(_xlfn.XLOOKUP($K51,_StartedStatus!$M:$M,_StartedStatus!$U:$U,""),"")) | S51: =IF($K51="","","Yes")
H52: =IF($K52="","","YES") | I52: =IF($K52="","",IFERROR(_xlfn.XLOOKUP($K52,_StartedStatus!$M:$M,_StartedStatus!$B:$B,"")&"","")) | J52: =IF($K52="","",IFERROR(_xlfn.XLOOKUP($K52,_StartedStatus!$M:$M,_StartedStatus!$F:$F,"")&"","")) | L52: =IF($M52="","",LEFT(TRIM($M52),1)) | M52: =IF($K52="","",IFERROR(_xlfn.XLOOKUP($K52,_StartedStatus!$M:$M,_StartedStatus!$L:$L,"")&"","")) | N52: =IF($K52="","",1200) | O52: =IF($K52="","",IFERROR(_xlfn.XLOOKUP($K52,_StartedStatus!$M:$M,_StartedStatus!$K:$K,"")&"","")) | P52: =IF($K52="","",IFERROR(_xlfn.XLOOKUP($K52,_StartedStatus!$M:$M,_StartedStatus!$C:$C,"")&"","")) | Q52: =IF($K52="","",IFERROR(_xlfn.XLOOKUP($K52,_StartedStatus!$M:$M,_StartedStatus!$J:$J,"")&"","")) | R52: =IF($K52="","",IFERROR(_xlfn.XLOOKUP($K52,_StartedStatus!$M:$M,_StartedStatus!$U:$U,""),"")) | S52: =IF($K52="","","Yes")
H53: =IF($K53="","","YES") | I53: =IF($K53="","",IFERROR(_xlfn.XLOOKUP($K53,_StartedStatus!$M:$M,_StartedStatus!$B:$B,"")&"","")) | J53: =IF($K53="","",IFERROR(_xlfn.XLOOKUP($K53,_StartedStatus!$M:$M,_StartedStatus!$F:$F,"")&"","")) | L53: =IF($M53="","",LEFT(TRIM($M53),1)) | M53: =IF($K53="","",IFERROR(_xlfn.XLOOKUP($K53,_StartedStatus!$M:$M,_StartedStatus!$L:$L,"")&"","")) | N53: =IF($K53="","",1200) | O53: =IF($K53="","",IFERROR(_xlfn.XLOOKUP($K53,_StartedStatus!$M:$M,_StartedStatus!$K:$K,"")&"","")) | P53: =IF($K53="","",IFERROR(_xlfn.XLOOKUP($K53,_StartedStatus!$M:$M,_StartedStatus!$C:$C,"")&"","")) | Q53: =IF($K53="","",IFERROR(_xlfn.XLOOKUP($K53,_StartedStatus!$M:$M,_StartedStatus!$J:$J,"")&"","")) | R53: =IF($K53="","",IFERROR(_xlfn.XLOOKUP($K53,_StartedStatus!$M:$M,_StartedStatus!$U:$U,""),"")) | S53: =IF($K53="","","Yes")
H54: =IF($K54="","","YES") | I54: =IF($K54="","",IFERROR(_xlfn.XLOOKUP($K54,_StartedStatus!$M:$M,_StartedStatus!$B:$B,"")&"","")) | J54: =IF($K54="","",IFERROR(_xlfn.XLOOKUP($K54,_StartedStatus!$M:$M,_StartedStatus!$F:$F,"")&"","")) | L54: =IF($M54="","",LEFT(TRIM($M54),1)) | M54: =IF($K54="","",IFERROR(_xlfn.XLOOKUP($K54,_StartedStatus!$M:$M,_StartedStatus!$L:$L,"")&"","")) | N54: =IF($K54="","",1200) | O54: =IF($K54="","",IFERROR(_xlfn.XLOOKUP($K54,_StartedStatus!$M:$M,_StartedStatus!$K:$K,"")&"","")) | P54: =IF($K54="","",IFERROR(_xlfn.XLOOKUP($K54,_StartedStatus!$M:$M,_StartedStatus!$C:$C,"")&"","")) | Q54: =IF($K54="","",IFERROR(_xlfn.XLOOKUP($K54,_StartedStatus!$M:$M,_StartedStatus!$J:$J,"")&"","")) | R54: =IF($K54="","",IFERROR(_xlfn.XLOOKUP($K54,_StartedStatus!$M:$M,_StartedStatus!$U:$U,""),"")) | S54: =IF($K54="","","Yes")
... H326: =IF($K326="","","YES") | I326: =IF($K326="","",IFERROR(_xlfn.XLOOKUP($K326,_StartedStatus!$M:$M,_StartedStatus!$B:$B,"")&"","")) | J326: =IF($K326="","",IFERROR(_xlfn.XLOOKUP($K326,_StartedStatus!$M:$M,_StartedStatus!$F:$F,"")&"","")) | L326: =IF($M326="","",LEFT(TRIM($M326),1)) | M326: =IF($K326="","",IFERROR(_xlfn.XLOOKUP($K326,_StartedStatus!$M:$M,_StartedStatus!$L:$L,"")&"","")) | N326: =IF($K326="","",1200) | O326: =IF($K326="","",IFERROR(_xlfn.XLOOKUP($K326,_StartedStatus!$M:$M,_StartedStatus!$K:$K,"")&"","")) | P326: =IF($K326="","",IFERROR(_xlfn.XLOOKUP($K326,_StartedStatus!$M:$M,_StartedStatus!$C:$C,"")&"","")) | Q326: =IF($K326="","",IFERROR(_xlfn.XLOOKUP($K326,_StartedStatus!$M:$M,_StartedStatus!$J:$J,"")&"","")) | R326: =IF($K326="","",IFERROR(_xlfn.XLOOKUP($K326,_StartedStatus!$M:$M,_StartedStatus!$U:$U,""),"")) | S326: =IF($K326="","","Yes")

Sheet Hired
A1: Date | B1: Last Contacted | C1: Status | D1: Language | E1: Employee Name (must match Avionte) | F1: Talent ID | G1: Phone | H1: Shift Preference | I1: Position | J1: Office | K1: Recruiter | L1: BG? | M1: DT? | N1: FLEX Doc Sent | O1: Attended Mini Orientation | P1: Notes
A2: 46128 | D2: Spanish | E2: Joanna Munoz | F2: 216559414 | G2: 3854439875 | H2: Night Shift | I2: Mechanical Assembly | J2: WVC | K2: JY | L2: Passed | M2: Passed | N2: Passed | O2: Yes
A3: 46125 | D3: Spanish | E3: Laura Ambriz | F3: 96619838 | G3: 3853370012 | H3: Day Shift | I3: Mechanical Assembly | J3: WVC | K3: JY | L3: Passed | M3: Passed | N3: Passed
A4: 46125 | D4: Spanish | E4: Hildemaro Vargas | F4: 221840574 | G4: 3854050571 | H4: Night Shift | I4: Mechanical Assembly | J4: WJ | K4: NM | L4: Pending | M4: Passed | N4: Passed | O4: Yes
A5: 46122 | D5: Spanish | E5: Desiree Roa | F5: 199708572 | G5: 3854363656 | H5: Night Shift | I5: Mechanical Assembly | J5: WVC | K5: JY | L5: Pending | M5: Passed | N5: Passed | O5: Yes
A6: 46112 | D6: Bilingual | E6: Alondra Portillo | F6: 134090007 | G6: 801 205-1714 | H6: Night Shift | I6: Mechanical Assembly | J6: WJ | K6: NM | L6: Passed | M6: Passed | N6: Passed | O6: Yes
A7: 46112 | D7: Spanish | E7: Franklin Marroquin | F7: 221153634 | G7: 8016697856 | H7: Night Shift | I7: Mechanical Assembly | J7: WJ | K7: NM | L7: Passed | M7: Passed | N7: Passed | O7: Yes
A8: 46112 | D8: Spanish | E8: Lina Mendoza Mantilla | F8: 129270240 | G8: 7153106810 | H8: Night Shift | I8: Mechanical Assembly | J8: WVC | K8: HB | L8: Pending | M8: Passed | N8: Passed
A9: 46111 | D9: Spanish | E9: Orlando Herrera | F9: 146893715 | G9: 3854143049 | H9: Night Shift | I9: Mechanical Assembly | J9: WJ | K9: NM | L9: Pending | M9: Passed | N9: Passed | O9: Yes
A10: 46105 | D10: Spanish | E10: Cesar Paredes | F10: 220962745 | G10: (385) 445-0455 | H10: Night Shift | I10: Mechanical Assembly | J10: WJ | K10: NM | L10: Passed | M10: Passed | N10: Passed | O10: Yes
A11: 46022 | D11: Spanish | E11: Maira Colmenarez | F11: 182102784 | G11: 8529853652 | H11: Night Shift | I11: Mechanical Assembly | J11: WJ | K11: NM | L11: Passed | M11: Passed | N11: Passed | O11: Yes
A12: 46097 | D12: Spanish | E12: Robinson Portillo | F12: 220528859 | G12: 3855036486 | H12: Night Shift | I12: Mechanical Assembly | J12: WJ | K12: NM | L12: Pending | M12: Passed | N12: Passed | O12: Yes
A13: 46091 | D13: Spanish | E13: Eric Ahumada | F13: 219148124 | G13: 4359383183 | H13: Day Shift | I13: Mechanical Assembly | J13: WJ | K13: NM | L13: Pending | M13: Passed | N13: Passed
A14: 46090 | D14: Spanish | E14: Karla Saras | F14: 194460546 | G14: 8019008532 | H14: Night Shift | I14: Mechanical Assembly | J14: WJ | K14: NM | L14: Passed | M14: Passed | N14: Passed | O14: Yes
A15: 46085 | D15: Spanish | E15: Glencis Pacheco | F15: 219091840 | G15: 3853790835 | H15: Day Shift | I15: Mechanical Assembly | J15: WJ | K15: NM | L15: Pending | M15: Passed | N15: Passed | O15: Yes
A16: 46084 | D16: Spanish | E16: Aurora Lamas Arellano | F16: 219012962 | G16: 3852965337 | H16: Day Shift | I16: Mechanical Assembly | J16: WJ | K16: FZ | L16: Pending | M16: Passed | N16: Passed
A17: 46083 | D17: Spanish | E17: Jorge Villarreal | F17: 218763933 | G17: 8013016176 | H17: Night Shift | I17: Mechanical Assembly | J17: WJ | K17: NM | L17: Pending | M17: Passed | N17: Passed | O17: Yes
A18: 46080 | D18: Bilingual | E18: Dulce Lopez | F18: 198189443 | G18: 3852950100 | H18: Day Shift | I18: Mechanical Assembly | J18: WVC | K18: JY | L18: Passed | M18: Passed | N18: Passed | O18: Pending
A19: 46080 | D19: Spanish | E19: Yoselin Castillo | F19: 164911604 | G19: 8013853512 | H19: Day Shift | I19: Mechanical Assembly | J19: WJ | K19: BL | L19: Passed | M19: Passed | N19: Passed
A20: 46078 | D20: Spanish | E20: Roderlys Quiche | F20: 218825186 | G20: 8013810242 | H20: Night Shift | I20: Mechanical Assembly | J20: WJ | K20: BL | L20: Passed | M20: Passed | N20: Passed
A21: 46078 | D21: Spanish | E21: Luis Ferrer | F21: 185242799 | G21: 3855838763 | H21: Night Shift | I21: Mechanical Assembly | J21: WJ | K21: NM | L21: Pending | M21: Passed | N21: Passed | O21: Yes
A22: 46076 | D22: Spanish | E22: Sandra Ruiz | F22: 182082642 | G22: 3855367759 | H22: Night Shift | I22: Mechanical Assembly | J22: WJ | K22: NM | L22: Pending | M22: Passed | N22: Passed | O22: Yes
A23: 46076 | D23: Spanish | E23: Adalmiro Martinez | F23: 201730403 | G23: 3854309136 | H23: Day Shift | I23: Mechanical Assembly | J23: WJ | K23: NM | L23: Pending | M23: Passed | N23: Passed | O23: Yes
D24: Spanish | E24: Eduard Gil | F24: 217569760 | G24: 8015740260 | H24: Night Shift | I24: Mechanical Assembly | J24: WJ | K24: NM | L24: Passed | M24: Passed | N24: Passed | O24: Yes
D25: Spanish | E25: Vanessa Palma | F25: 216548342 | G25: 3854728364 | H25: Day Shift | I25: Mechanical Assembly | J25: WJ | K25: NM | L25: Pending | M25: Passed | N25: Passed | O25: Yes
C26: Wait List | D26: Spanish | E26: Marian Mendez | F26: 180458712 | G26: 8014405907 | H26: Day Shift | I26: Mechanical Assembly | J26: WJ | K26: NM | L26: Passed | M26: Passed | N26: Passed
A27: 46066 | D27: Spanish | E27: Priscilla Castillo | F27: 218038437 | G27: 8016083151 | H27: Night Shift | I27: Mechanical Assembly | J27: WVC | K27: HB | L27: Passed | M27: Passed | N27: Passed
A28: 46065 | D28: Spanish | E28: Gabriela Martinez | F28: 218486983 | G28: 9564496694 | H28: Night Shift | I28: Mechanical Assembly | J28: WJ | K28: NM | L28: Pending | M28: Passed | N28: Passed | O28: Yes
A29: 46065 | D29: Spanish | E29: Jorcer Chirinos | F29: 218487075 | G29: 3473688551 | H29: Night Shift | I29: Mechanical Assembly | J29: WJ | K29: NM | L29: Pending | M29: Passed | N29: Passed | O29: Yes
A30: 46065 | D30: English | E30: Christopher Mok | F30: 133343283 | G30: 3855293558 | H30: Night Shift | I30: Mechanical Assembly | J30: WJ | K30: NM | L30: Passed | M30: Passed | N30: Passed | O30: Yes
A31: 46065 | D31: Bilingual | E31: Stephanie Pimentel | F31: 209054687 | G31: 714 657-0986 | H31: Day Shift | I31: Mechanical Assembly | J31: WJ | K31: NM | L31: Pending | M31: Passed | N31: Passed | O31: Yes
A32: 46065 | D32: Spanish | E32: Idel Silva | F32: 218432819 | G32: 8013014999 | H32: Night Shift | I32: Mechanical Assembly | J32: WJ | K32: NM | L32: Passed | M32: Passed | N32: Passed | O32: Yes
A33: 46064 | D33: Spanish | E33: Tony Jovo | F33: 218446551 | G33: 4072886356 | H33: Night Shift | I33: Mechanical Assembly | J33: WJ | K33: NM | L33: Passed | M33: Passed | N33: Passed | O33: Yes
A34: 46063 | D34: Spanish | E34: Luiseni Gonzalez | F34: 164355124 | G34: 3855021965 | H34: Day Shift | I34: Mechanical Assembly | J34: WJ | K34: NM | L34: Passed | M34: Passed | N34: Passed | O34: Yes
A35: 46059 | D35: English | E35: Maddox Trinh | F35: 203395747 | G35: 385 630-7207 | H35: Night Shift | I35: Mechanical Assembly | J35: NSL | K35: GKW | L35: Pending | M35: Passed | N35: Passed
A36: 46059 | D36: Spanish | E36: Maria Hernandez | F36: 177591908 | G36: 385 549 4599 | H36: Day Shift | I36: Mechanical Assembly | J36: WVC | K36: SM | L36: Passed | M36: Passed | N36: Passed | O36: Yes
A37: 46059 | D37: Spanish | E37: Sharis Luna | F37: 213034437 | G37: 8014031625 | H37: Day Shift | I37: Mechanical Assembly | J37: WVC | K37: SM | L37: Passed | M37: Passed | N37: Passed | O37: Yes
A38: 46059 | D38: Spanish | E38: Niurka Solares | F38: 218237562 | G38: 8013179423 | H38: Day Shift | I38: Mechanical Assembly | J38: WJ | K38: BL | L38: Passed | M38: Passed | N38: Passed
A39: 46058 | D39: Spanish | E39: María Ibarra | F39: 168121931 | G39: 8015849577 | H39: Day Shift | I39: Mechanical Assembly | J39: WJ | K39: BL | L39: Passed | M39: Passed | N39: Passed
A40: 46057 | D40: Spanish | E40: Jaidy Jimenez | F40: 218032291 | G40: 3855261356 | H40: Night Shift | I40: Mechanical Assembly | J40: WJ | K40: NM | L40: Passed | M40: Passed | N40: Passed | O40: Yes
A41: 46056 | D41: Spanish | E41: Ruth Cuicapuza | F41: 181401512 | G41: 3855630085 | H41: Day Shift | I41: Mechanical Assembly | J41: WJ | K41: NM | L41: Pending | M41: Passed | N41: Passed | O41: Yes
A42: 46056 | D42: Spanish | E42: Melina Marin | F42: 217981646 | G42: 8329102422 | H42: Night Shift | I42: Mechanical Assembly | J42: WJ | K42: NM | L42: Pending | M42: Passed | N42: Passed | O42: Yes
A43: 46056 | D43: Spanish | E43: Gledis Salave | F43: 217581295 | G43: 7065377975 | H43: Day Shift | I43: Mechanical Assembly | J43: WJ | K43: NM | L43: Pending | M43: Passed | N43: Passed | O43: Yes
A44: 46056 | D44: Spanish | E44: Roxana Concha | F44: 217966053 | G44: 8019499263 | H44: Day Shift | I44: Mechanical Assembly | J44: WVC | K44: SM | L44: Passed | M44: Passed | N44: Passed
A45: 46056 | D45: Spanish | E45: Katherine Urribarri | F45: 173080631 | G45: 3855623691 | H45: Day Shift | I45: Mechanical Assembly | J45: WJ | K45: NM | L45: Pending | M45: Passed | N45: Passed | O45: Yes
A46: 46055 | D46: Spanish | E46: Richard Hugle | F46: 201781659 | G46: 404 2075364 | H46: Night Shift | I46: Mechanical Assembly | J46: WVC | K46: SM | L46: Passed | M46: Passed | N46: Passed
A47: 46052 | D47: English | E47: Alexander Chavez | F47: 217276724 | G47: 8018336531 | H47: Night Shift | I47: Mechanical Assembly | J47: NSL | K47: GKW | L47: Passed | M47: Passed | N47: Passed
A48: 46050 | D48: Spanish | E48: Wilmery Molina | F48: 157842478 | G48: 385 212 5764 | H48: Day Shift | I48: Mechanical Assembly | J48: WJ | K48: NM | L48: Passed | M48: Passed | N48: Passed | O48: Yes
A49: 46049 | D49: Spanish | E49: Norbys Carbonell | F49: 167320320 | G49: 8017026930 | H49: Day Shift | I49: Mechanical Assembly | J49: WJ | K49: NM | L49: Passed | M49: Passed | N49: Passed | O49: Yes
A50: 46043 | D50: Bilingual | E50: Maria Garcia | F50: 216600348 | G50: 801 819-8446 | H50: Night Shift | I50: Mechanical Assembly | J50: WJ | K50: NM | L50: Passed | M50: Passed | N50: Passed | O50: Yes
A51: 46043 | D51: Spanish | E51: Ana Melano | F51: 144109866 | G51: 3852143309 | H51: Day Shift | I51: Mechanical Assembly | J51: WJ | K51: NM | L51: Passed | M51: Passed | N51: Passed | O51: Pending
A52: 46043 | D52: Spanish | E52: Aliyoli Primera | F52: 115255112 | G52: 8013019019 | H52: Day Shift | I52: Mechanical Assembly | J52: WJ | K52: NM | L52: Passed | M52: Passed | N52: Passed | O52: Pending
A53: 46038 | D53: Spanish | E53: Jose Hernandez | F53: 216886382 | G53: 3855767818 | H53: Day Shift | I53: Mechanical Assembly | J53: WVC | K53: SM | L53: Passed | M53: Passed | N53: Passed | O53: Pending
A54: 46036 | D54: Spanish | E54: Ruth Ricaurte | F54: 199219797 | G54: 8016349048 | H54: Night Shift | I54: Mechanical Assembly | J54: WJ | K54: NM | L54: Passed | M54: Passed | N54: Passed | O54: Yes
A55: 46035 | D55: Spanish | E55: Humberto Ferrer | F55: 215489766 | G55: 8015052710 | H55: Day Shift | I55: Mechanical Assembly | J55: WJ | K55: BL | M55: Not Ran | N55: Passed
A56: 46035 | D56: English | E56: Francisco Saena | F56: 199234585 | G56: 8019994508 | H56: Night Shift | I56: Mechanical Assembly | J56: WJ | K56: BL | L56: Pending | M56: Passed | N56: Passed
A57: 46031 | D57: Spanish | E57: Yeimar Hernandez | F57: 176567281 | G57: 3854842488 | H57: Day Shift | I57: Mechanical Assembly | J57: WJ | K57: NM | L57: Passed | M57: Passed | N57: Passed | O57: Pending
A58: 46031 | D58: Spanish | E58: Roberto Rodriguez | F58: 173080626 | G58: 3854574485 | H58: Day Shift | I58: Mechanical Assembly | J58: WJ | K58: NM | L58: Pending | M58: Passed | N58: Passed | O58: Pending
A59: 46030 | D59: Spanish | E59: Greeni Moreno | F59: 215434837 | G59: 8015145115 | H59: Day Shift | I59: Mechanical Assembly | J59: WJ | K59: BL | L59: Passed | M59: Passed | N59: Passed
A60: 46029 | D60: Spanish | E60: Karelys Pina | F60: 203432515 | G60: 8016619661 | H60: Day Shift | I60: Mechanical Assembly | J60: WJ | K60: NM | L60: Passed | M60: Passed | N60: Passed | O60: Yes
A61: 46028 | D61: Spanish | E61: Maria Ferrer | F61: 213096672 | G61: 3853387356 | H61: Day Shift | I61: Mechanical Assembly | J61: WJ | K61: NM | L61: Passed | M61: Passed | N61: Passed
A62: 46028 | D62: Spanish | E62: Betzaida henriquez | F62: 185189753 | G62: 8014102119 | H62: Day Shift | I62: Mechanical Assembly | J62: WJ | K62: NM | L62: Passed | M62: Passed | N62: Passed | O62: Yes
A63: 46020 | D63: Spanish | E63: Bilianny Arocha | F63: 193871827 | G63: 3852252327 | H63: Day Shift | I63: Mechanical Assembly | J63: WJ | K63: BL | L63: Passed | M63: Passed | N63: Passed
A64: 46014 | D64: Spanish | E64: Yaneiri Bianchi | F64: 193850499 | G64: 8015028685 | H64: Night Shift | I64: Mechanical Assembly | J64: WVC | K64: SCG | L64: Pending | M64: Passed | N64: Passed | O64: No
A65: 45894 | D65: Spanish | E65: Damaris Gutierrez | F65: 198514018 | G65: 3855849513 | H65: Night Shift | I65: Mechanical Assembly | J65: WJ | K65: NM | L65: Passed | M65: Passed | N65: Passed
A66: 45889 | B66: 45981 | D66: Bilingual | E66: Nelfrailis Gonzales | F66: 168037863 | G66: 3855807947 | H66: Night Shift | I66: Mechanical Assembly | J66: NSL | K66: DR | L66: Passed | M66: Passed | N66: Passed
A67: 45889 | D67: Spanish | E67: Javierio Hernandez | F67: 198012857 | G67: 3855807953 | H67: Night Shift | I67: Mechanical Assembly | J67: NSL | K67: DR | L67: Passed | M67: Passed | N67: Passed
A68: AUTO-TRACKED FROM HERE DOWN — anyone marked Started on a start-date tab appears below automatically. Rows above this line are historical/manual, left as-is.
A69: Date | B69: Last Contacted | C69: Status | D69: Language | E69: Employee Name (must match Avionte) | F69: Talent ID | G69: Phone | H69: Shift Preference | I69: Position | J69: Office | K69: Recruiter | L69: BG? | M69: DT? | N69: FLEX Doc Sent | O69: Attended Mini Orientation | P69: Notes
A70: =IF($F70="","",_xlfn.XLOOKUP($F70,'1.PrepList'!$I:$I,'1.PrepList'!$C:$C)) | B70: =IF($F70="","",_xlfn.XLOOKUP($F70,'1.PrepList'!$I:$I,'1.PrepList'!$D:$D)) | C70: =IF($F70="","","Started") | D70: =IF($F70="","",_xlfn.XLOOKUP($F70,'1.PrepList'!$I:$I,'1.PrepList'!$F:$F)) | E70: =IF($F70="","",_xlfn.XLOOKUP($F70,'1.PrepList'!$I:$I,'1.PrepList'!$H:$H)) | F70: =IFERROR(_xlfn.AGGREGATE(15,6,'1.PrepList'!$I$2:$I$1500/('1.PrepList'!$B$2:$B$1500="Yes"),ROWS($F$70:F70)),"") | G70: =IF($F70="","",_xlfn.XLOOKUP($F70,'1.PrepList'!$I:$I,'1.PrepList'!$J:$J)) | H70: =IF($F70="","",_xlfn.XLOOKUP($F70,'1.PrepList'!$I:$I,'1.PrepList'!$K:$K)) | I70: =IF($F70="","",_xlfn.XLOOKUP($F70,'1.PrepList'!$I:$I,'1.PrepList'!$L:$L)) | J70: =IF($F70="","",_xlfn.XLOOKUP($F70,'1.PrepList'!$I:$I,'1.PrepList'!$M:$M)) | K70: =IF($F70="","",_xlfn.XLOOKUP($F70,'1.PrepList'!$I:$I,'1.PrepList'!$N:$N)) | L70: =IF($F70="","",_xlfn.XLOOKUP($F70,'1.PrepList'!$I:$I,'1.PrepList'!$O:$O)) | M70: =IF($F70="","",_xlfn.XLOOKUP($F70,'1.PrepList'!$I:$I,'1.PrepList'!$P:$P)) | N70: =IF($F70="","",_xlfn.XLOOKUP($F70,'1.PrepList'!$I:$I,'1.PrepList'!$Q:$Q)) | O70: =IF($F70="","",_xlfn.XLOOKUP($F70,'1.PrepList'!$I:$I,'1.PrepList'!$R:$R)) | P70: =IF($F70="","",_xlfn.XLOOKUP($F70,'1.PrepList'!$I:$I,'1.PrepList'!$S:$S))
A71: =IF($F71="","",_xlfn.XLOOKUP($F71,'1.PrepList'!$I:$I,'1.PrepList'!$C:$C)) | B71: =IF($F71="","",_xlfn.XLOOKUP($F71,'1.PrepList'!$I:$I,'1.PrepList'!$D:$D)) | C71: =IF($F71="","","Started") | D71: =IF($F71="","",_xlfn.XLOOKUP($F71,'1.PrepList'!$I:$I,'1.PrepList'!$F:$F)) | E71: =IF($F71="","",_xlfn.XLOOKUP($F71,'1.PrepList'!$I:$I,'1.PrepList'!$H:$H)) | F71: =IFERROR(_xlfn.AGGREGATE(15,6,'1.PrepList'!$I$2:$I$1500/('1.PrepList'!$B$2:$B$1500="Yes"),ROWS($F$70:F71)),"") | G71: =IF($F71="","",_xlfn.XLOOKUP($F71,'1.PrepList'!$I:$I,'1.PrepList'!$J:$J)) | H71: =IF($F71="","",_xlfn.XLOOKUP($F71,'1.PrepList'!$I:$I,'1.PrepList'!$K:$K)) | I71: =IF($F71="","",_xlfn.XLOOKUP($F71,'1.PrepList'!$I:$I,'1.PrepList'!$L:$L)) | J71: =IF($F71="","",_xlfn.XLOOKUP($F71,'1.PrepList'!$I:$I,'1.PrepList'!$M:$M)) | K71: =IF($F71="","",_xlfn.XLOOKUP($F71,'1.PrepList'!$I:$I,'1.PrepList'!$N:$N)) | L71: =IF($F71="","",_xlfn.XLOOKUP($F71,'1.PrepList'!$I:$I,'1.PrepList'!$O:$O)) | M71: =IF($F71="","",_xlfn.XLOOKUP($F71,'1.PrepList'!$I:$I,'1.PrepList'!$P:$P)) | N71: =IF($F71="","",_xlfn.XLOOKUP($F71,'1.PrepList'!$I:$I,'1.PrepList'!$Q:$Q)) | O71: =IF($F71="","",_xlfn.XLOOKUP($F71,'1.PrepList'!$I:$I,'1.PrepList'!$R:$R)) | P71: =IF($F71="","",_xlfn.XLOOKUP($F71,'1.PrepList'!$I:$I,'1.PrepList'!$S:$S))
A72: =IF($F72="","",_xlfn.XLOOKUP($F72,'1.PrepList'!$I:$I,'1.PrepList'!$C:$C)) | B72: =IF($F72="","",_xlfn.XLOOKUP($F72,'1.PrepList'!$I:$I,'1.PrepList'!$D:$D)) | C72: =IF($F72="","","Started") | D72: =IF($F72="","",_xlfn.XLOOKUP($F72,'1.PrepList'!$I:$I,'1.PrepList'!$F:$F)) | E72: =IF($F72="","",_xlfn.XLOOKUP($F72,'1.PrepList'!$I:$I,'1.PrepList'!$H:$H)) | F72: =IFERROR(_xlfn.AGGREGATE(15,6,'1.PrepList'!$I$2:$I$1500/('1.PrepList'!$B$2:$B$1500="Yes"),ROWS($F$70:F72)),"") | G72: =IF($F72="","",_xlfn.XLOOKUP($F72,'1.PrepList'!$I:$I,'1.PrepList'!$J:$J)) | H72: =IF($F72="","",_xlfn.XLOOKUP($F72,'1.PrepList'!$I:$I,'1.PrepList'!$K:$K)) | I72: =IF($F72="","",_xlfn.XLOOKUP($F72,'1.PrepList'!$I:$I,'1.PrepList'!$L:$L)) | J72: =IF($F72="","",_xlfn.XLOOKUP($F72,'1.PrepList'!$I:$I,'1.PrepList'!$M:$M)) | K72: =IF($F72="","",_xlfn.XLOOKUP($F72,'1.PrepList'!$I:$I,'1.PrepList'!$N:$N)) | L72: =IF($F72="","",_xlfn.XLOOKUP($F72,'1.PrepList'!$I:$I,'1.PrepList'!$O:$O)) | M72: =IF($F72="","",_xlfn.XLOOKUP($F72,'1.PrepList'!$I:$I,'1.PrepList'!$P:$P)) | N72: =IF($F72="","",_xlfn.XLOOKUP($F72,'1.PrepList'!$I:$I,'1.PrepList'!$Q:$Q)) | O72: =IF($F72="","",_xlfn.XLOOKUP($F72,'1.PrepList'!$I:$I,'1.PrepList'!$R:$R)) | P72: =IF($F72="","",_xlfn.XLOOKUP($F72,'1.PrepList'!$I:$I,'1.PrepList'!$S:$S))
A73: =IF($F73="","",_xlfn.XLOOKUP($F73,'1.PrepList'!$I:$I,'1.PrepList'!$C:$C)) | B73: =IF($F73="","",_xlfn.XLOOKUP($F73,'1.PrepList'!$I:$I,'1.PrepList'!$D:$D)) | C73: =IF($F73="","","Started") | D73: =IF($F73="","",_xlfn.XLOOKUP($F73,'1.PrepList'!$I:$I,'1.PrepList'!$F:$F)) | E73: =IF($F73="","",_xlfn.XLOOKUP($F73,'1.PrepList'!$I:$I,'1.PrepList'!$H:$H)) | F73: =IFERROR(_xlfn.AGGREGATE(15,6,'1.PrepList'!$I$2:$I$1500/('1.PrepList'!$B$2:$B$1500="Yes"),ROWS($F$70:F73)),"") | G73: =IF($F73="","",_xlfn.XLOOKUP($F73,'1.PrepList'!$I:$I,'1.PrepList'!$J:$J)) | H73: =IF($F73="","",_xlfn.XLOOKUP($F73,'1.PrepList'!$I:$I,'1.PrepList'!$K:$K)) | I73: =IF($F73="","",_xlfn.XLOOKUP($F73,'1.PrepList'!$I:$I,'1.PrepList'!$L:$L)) | J73: =IF($F73="","",_xlfn.XLOOKUP($F73,'1.PrepList'!$I:$I,'1.PrepList'!$M:$M)) | K73: =IF($F73="","",_xlfn.XLOOKUP($F73,'1.PrepList'!$I:$I,'1.PrepList'!$N:$N)) | L73: =IF($F73="","",_xlfn.XLOOKUP($F73,'1.PrepList'!$I:$I,'1.PrepList'!$O:$O)) | M73: =IF($F73="","",_xlfn.XLOOKUP($F73,'1.PrepList'!$I:$I,'1.PrepList'!$P:$P)) | N73: =IF($F73="","",_xlfn.XLOOKUP($F73,'1.PrepList'!$I:$I,'1.PrepList'!$Q:$Q)) | O73: =IF($F73="","",_xlfn.XLOOKUP($F73,'1.PrepList'!$I:$I,'1.PrepList'!$R:$R)) | P73: =IF($F73="","",_xlfn.XLOOKUP($F73,'1.PrepList'!$I:$I,'1.PrepList'!$S:$S))
A74: =IF($F74="","",_xlfn.XLOOKUP($F74,'1.PrepList'!$I:$I,'1.PrepList'!$C:$C)) | B74: =IF($F74="","",_xlfn.XLOOKUP($F74,'1.PrepList'!$I:$I,'1.PrepList'!$D:$D)) | C74: =IF($F74="","","Started") | D74: =IF($F74="","",_xlfn.XLOOKUP($F74,'1.PrepList'!$I:$I,'1.PrepList'!$F:$F)) | E74: =IF($F74="","",_xlfn.XLOOKUP($F74,'1.PrepList'!$I:$I,'1.PrepList'!$H:$H)) | F74: =IFERROR(_xlfn.AGGREGATE(15,6,'1.PrepList'!$I$2:$I$1500/('1.PrepList'!$B$2:$B$1500="Yes"),ROWS($F$70:F74)),"") | G74: =IF($F74="","",_xlfn.XLOOKUP($F74,'1.PrepList'!$I:$I,'1.PrepList'!$J:$J)) | H74: =IF($F74="","",_xlfn.XLOOKUP($F74,'1.PrepList'!$I:$I,'1.PrepList'!$K:$K)) | I74: =IF($F74="","",_xlfn.XLOOKUP($F74,'1.PrepList'!$I:$I,'1.PrepList'!$L:$L)) | J74: =IF($F74="","",_xlfn.XLOOKUP($F74,'1.PrepList'!$I:$I,'1.PrepList'!$M:$M)) | K74: =IF($F74="","",_xlfn.XLOOKUP($F74,'1.PrepList'!$I:$I,'1.PrepList'!$N:$N)) | L74: =IF($F74="","",_xlfn.XLOOKUP($F74,'1.PrepList'!$I:$I,'1.PrepList'!$O:$O)) | M74: =IF($F74="","",_xlfn.XLOOKUP($F74,'1.PrepList'!$I:$I,'1.PrepList'!$P:$P)) | N74: =IF($F74="","",_xlfn.XLOOKUP($F74,'1.PrepList'!$I:$I,'1.PrepList'!$Q:$Q)) | O74: =IF($F74="","",_xlfn.XLOOKUP($F74,'1.PrepList'!$I:$I,'1.PrepList'!$R:$R)) | P74: =IF($F74="","",_xlfn.XLOOKUP($F74,'1.PrepList'!$I:$I,'1.PrepList'!$S:$S))
A75: =IF($F75="","",_xlfn.XLOOKUP($F75,'1.PrepList'!$I:$I,'1.PrepList'!$C:$C)) | B75: =IF($F75="","",_xlfn.XLOOKUP($F75,'1.PrepList'!$I:$I,'1.PrepList'!$D:$D)) | C75: =IF($F75="","","Started") | D75: =IF($F75="","",_xlfn.XLOOKUP($F75,'1.PrepList'!$I:$I,'1.PrepList'!$F:$F)) | E75: =IF($F75="","",_xlfn.XLOOKUP($F75,'1.PrepList'!$I:$I,'1.PrepList'!$H:$H)) | F75: =IFERROR(_xlfn.AGGREGATE(15,6,'1.PrepList'!$I$2:$I$1500/('1.PrepList'!$B$2:$B$1500="Yes"),ROWS($F$70:F75)),"") | G75: =IF($F75="","",_xlfn.XLOOKUP($F75,'1.PrepList'!$I:$I,'1.PrepList'!$J:$J)) | H75: =IF($F75="","",_xlfn.XLOOKUP($F75,'1.PrepList'!$I:$I,'1.PrepList'!$K:$K)) | I75: =IF($F75="","",_xlfn.XLOOKUP($F75,'1.PrepList'!$I:$I,'1.PrepList'!$L:$L)) | J75: =IF($F75="","",_xlfn.XLOOKUP($F75,'1.PrepList'!$I:$I,'1.PrepList'!$M:$M)) | K75: =IF($F75="","",_xlfn.XLOOKUP($F75,'1.PrepList'!$I:$I,'1.PrepList'!$N:$N)) | L75: =IF($F75="","",_xlfn.XLOOKUP($F75,'1.PrepList'!$I:$I,'1.PrepList'!$O:$O)) | M75: =IF($F75="","",_xlfn.XLOOKUP($F75,'1.PrepList'!$I:$I,'1.PrepList'!$P:$P)) | N75: =IF($F75="","",_xlfn.XLOOKUP($F75,'1.PrepList'!$I:$I,'1.PrepList'!$Q:$Q)) | O75: =IF($F75="","",_xlfn.XLOOKUP($F75,'1.PrepList'!$I:$I,'1.PrepList'!$R:$R)) | P75: =IF($F75="","",_xlfn.XLOOKUP($F75,'1.PrepList'!$I:$I,'1.PrepList'!$S:$S))
A76: =IF($F76="","",_xlfn.XLOOKUP($F76,'1.PrepList'!$I:$I,'1.PrepList'!$C:$C)) | B76: =IF($F76="","",_xlfn.XLOOKUP($F76,'1.PrepList'!$I:$I,'1.PrepList'!$D:$D)) | C76: =IF($F76="","","Started") | D76: =IF($F76="","",_xlfn.XLOOKUP($F76,'1.PrepList'!$I:$I,'1.PrepList'!$F:$F)) | E76: =IF($F76="","",_xlfn.XLOOKUP($F76,'1.PrepList'!$I:$I,'1.PrepList'!$H:$H)) | F76: =IFERROR(_xlfn.AGGREGATE(15,6,'1.PrepList'!$I$2:$I$1500/('1.PrepList'!$B$2:$B$1500="Yes"),ROWS($F$70:F76)),"") | G76: =IF($F76="","",_xlfn.XLOOKUP($F76,'1.PrepList'!$I:$I,'1.PrepList'!$J:$J)) | H76: =IF($F76="","",_xlfn.XLOOKUP($F76,'1.PrepList'!$I:$I,'1.PrepList'!$K:$K)) | I76: =IF($F76="","",_xlfn.XLOOKUP($F76,'1.PrepList'!$I:$I,'1.PrepList'!$L:$L)) | J76: =IF($F76="","",_xlfn.XLOOKUP($F76,'1.PrepList'!$I:$I,'1.PrepList'!$M:$M)) | K76: =IF($F76="","",_xlfn.XLOOKUP($F76,'1.PrepList'!$I:$I,'1.PrepList'!$N:$N)) | L76: =IF($F76="","",_xlfn.XLOOKUP($F76,'1.PrepList'!$I:$I,'1.PrepList'!$O:$O)) | M76: =IF($F76="","",_xlfn.XLOOKUP($F76,'1.PrepList'!$I:$I,'1.PrepList'!$P:$P)) | N76: =IF($F76="","",_xlfn.XLOOKUP($F76,'1.PrepList'!$I:$I,'1.PrepList'!$Q:$Q)) | O76: =IF($F76="","",_xlfn.XLOOKUP($F76,'1.PrepList'!$I:$I,'1.PrepList'!$R:$R)) | P76: =IF($F76="","",_xlfn.XLOOKUP($F76,'1.PrepList'!$I:$I,'1.PrepList'!$S:$S))
A77: =IF($F77="","",_xlfn.XLOOKUP($F77,'1.PrepList'!$I:$I,'1.PrepList'!$C:$C)) | B77: =IF($F77="","",_xlfn.XLOOKUP($F77,'1.PrepList'!$I:$I,'1.PrepList'!$D:$D)) | C77: =IF($F77="","","Started") | D77: =IF($F77="","",_xlfn.XLOOKUP($F77,'1.PrepList'!$I:$I,'1.PrepList'!$F:$F)) | E77: =IF($F77="","",_xlfn.XLOOKUP($F77,'1.PrepList'!$I:$I,'1.PrepList'!$H:$H)) | F77: =IFERROR(_xlfn.AGGREGATE(15,6,'1.PrepList'!$I$2:$I$1500/('1.PrepList'!$B$2:$B$1500="Yes"),ROWS($F$70:F77)),"") | G77: =IF($F77="","",_xlfn.XLOOKUP($F77,'1.PrepList'!$I:$I,'1.PrepList'!$J:$J)) | H77: =IF($F77="","",_xlfn.XLOOKUP($F77,'1.PrepList'!$I:$I,'1.PrepList'!$K:$K)) | I77: =IF($F77="","",_xlfn.XLOOKUP($F77,'1.PrepList'!$I:$I,'1.PrepList'!$L:$L)) | J77: =IF($F77="","",_xlfn.XLOOKUP($F77,'1.PrepList'!$I:$I,'1.PrepList'!$M:$M)) | K77: =IF($F77="","",_xlfn.XLOOKUP($F77,'1.PrepList'!$I:$I,'1.PrepList'!$N:$N)) | L77: =IF($F77="","",_xlfn.XLOOKUP($F77,'1.PrepList'!$I:$I,'1.PrepList'!$O:$O)) | M77: =IF($F77="","",_xlfn.XLOOKUP($F77,'1.PrepList'!$I:$I,'1.PrepList'!$P:$P)) | N77: =IF($F77="","",_xlfn.XLOOKUP($F77,'1.PrepList'!$I:$I,'1.PrepList'!$Q:$Q)) | O77: =IF($F77="","",_xlfn.XLOOKUP($F77,'1.PrepList'!$I:$I,'1.PrepList'!$R:$R)) | P77: =IF($F77="","",_xlfn.XLOOKUP($F77,'1.PrepList'!$I:$I,'1.PrepList'!$S:$S))
A78: =IF($F78="","",_xlfn.XLOOKUP($F78,'1.PrepList'!$I:$I,'1.PrepList'!$C:$C)) | B78: =IF($F78="","",_xlfn.XLOOKUP($F78,'1.PrepList'!$I:$I,'1.PrepList'!$D:$D)) | C78: =IF($F78="","","Started") | D78: =IF($F78="","",_xlfn.XLOOKUP($F78,'1.PrepList'!$I:$I,'1.PrepList'!$F:$F)) | E78: =IF($F78="","",_xlfn.XLOOKUP($F78,'1.PrepList'!$I:$I,'1.PrepList'!$H:$H)) | F78: =IFERROR(_xlfn.AGGREGATE(15,6,'1.PrepList'!$I$2:$I$1500/('1.PrepList'!$B$2:$B$1500="Yes"),ROWS($F$70:F78)),"") | G78: =IF($F78="","",_xlfn.XLOOKUP($F78,'1.PrepList'!$I:$I,'1.PrepList'!$J:$J)) | H78: =IF($F78="","",_xlfn.XLOOKUP($F78,'1.PrepList'!$I:$I,'1.PrepList'!$K:$K)) | I78: =IF($F78="","",_xlfn.XLOOKUP($F78,'1.PrepList'!$I:$I,'1.PrepList'!$L:$L)) | J78: =IF($F78="","",_xlfn.XLOOKUP($F78,'1.PrepList'!$I:$I,'1.PrepList'!$M:$M)) | K78: =IF($F78="","",_xlfn.XLOOKUP($F78,'1.PrepList'!$I:$I,'1.PrepList'!$N:$N)) | L78: =IF($F78="","",_xlfn.XLOOKUP($F78,'1.PrepList'!$I:$I,'1.PrepList'!$O:$O)) | M78: =IF($F78="","",_xlfn.XLOOKUP($F78,'1.PrepList'!$I:$I,'1.PrepList'!$P:$P)) | N78: =IF($F78="","",_xlfn.XLOOKUP($F78,'1.PrepList'!$I:$I,'1.PrepList'!$Q:$Q)) | O78: =IF($F78="","",_xlfn.XLOOKUP($F78,'1.PrepList'!$I:$I,'1.PrepList'!$R:$R)) | P78: =IF($F78="","",_xlfn.XLOOKUP($F78,'1.PrepList'!$I:$I,'1.PrepList'!$S:$S))
A79: =IF($F79="","",_xlfn.XLOOKUP($F79,'1.PrepList'!$I:$I,'1.PrepList'!$C:$C)) | B79: =IF($F79="","",_xlfn.XLOOKUP($F79,'1.PrepList'!$I:$I,'1.PrepList'!$D:$D)) | C79: =IF($F79="","","Started") | D79: =IF($F79="","",_xlfn.XLOOKUP($F79,'1.PrepList'!$I:$I,'1.PrepList'!$F:$F)) | E79: =IF($F79="","",_xlfn.XLOOKUP($F79,'1.PrepList'!$I:$I,'1.PrepList'!$H:$H)) | F79: =IFERROR(_xlfn.AGGREGATE(15,6,'1.PrepList'!$I$2:$I$1500/('1.PrepList'!$B$2:$B$1500="Yes"),ROWS($F$70:F79)),"") | G79: =IF($F79="","",_xlfn.XLOOKUP($F79,'1.PrepList'!$I:$I,'1.PrepList'!$J:$J)) | H79: =IF($F79="","",_xlfn.XLOOKUP($F79,'1.PrepList'!$I:$I,'1.PrepList'!$K:$K)) | I79: =IF($F79="","",_xlfn.XLOOKUP($F79,'1.PrepList'!$I:$I,'1.PrepList'!$L:$L)) | J79: =IF($F79="","",_xlfn.XLOOKUP($F79,'1.PrepList'!$I:$I,'1.PrepList'!$M:$M)) | K79: =IF($F79="","",_xlfn.XLOOKUP($F79,'1.PrepList'!$I:$I,'1.PrepList'!$N:$N)) | L79: =IF($F79="","",_xlfn.XLOOKUP($F79,'1.PrepList'!$I:$I,'1.PrepList'!$O:$O)) | M79: =IF($F79="","",_xlfn.XLOOKUP($F79,'1.PrepList'!$I:$I,'1.PrepList'!$P:$P)) | N79: =IF($F79="","",_xlfn.XLOOKUP($F79,'1.PrepList'!$I:$I,'1.PrepList'!$Q:$Q)) | O79: =IF($F79="","",_xlfn.XLOOKUP($F79,'1.PrepList'!$I:$I,'1.PrepList'!$R:$R)) | P79: =IF($F79="","",_xlfn.XLOOKUP($F79,'1.PrepList'!$I:$I,'1.PrepList'!$S:$S))
A80: =IF($F80="","",_xlfn.XLOOKUP($F80,'1.PrepList'!$I:$I,'1.PrepList'!$C:$C)) | B80: =IF($F80="","",_xlfn.XLOOKUP($F80,'1.PrepList'!$I:$I,'1.PrepList'!$D:$D)) | C80: =IF($F80="","","Started") | D80: =IF($F80="","",_xlfn.XLOOKUP($F80,'1.PrepList'!$I:$I,'1.PrepList'!$F:$F)) | E80: =IF($F80="","",_xlfn.XLOOKUP($F80,'1.PrepList'!$I:$I,'1.PrepList'!$H:$H)) | F80: =IFERROR(_xlfn.AGGREGATE(15,6,'1.PrepList'!$I$2:$I$1500/('1.PrepList'!$B$2:$B$1500="Yes"),ROWS($F$70:F80)),"") | G80: =IF($F80="","",_xlfn.XLOOKUP($F80,'1.PrepList'!$I:$I,'1.PrepList'!$J:$J)) | H80: =IF($F80="","",_xlfn.XLOOKUP($F80,'1.PrepList'!$I:$I,'1.PrepList'!$K:$K)) | I80: =IF($F80="","",_xlfn.XLOOKUP($F80,'1.PrepList'!$I:$I,'1.PrepList'!$L:$L)) | J80: =IF($F80="","",_xlfn.XLOOKUP($F80,'1.PrepList'!$I:$I,'1.PrepList'!$M:$M)) | K80: =IF($F80="","",_xlfn.XLOOKUP($F80,'1.PrepList'!$I:$I,'1.PrepList'!$N:$N)) | L80: =IF($F80="","",_xlfn.XLOOKUP($F80,'1.PrepList'!$I:$I,'1.PrepList'!$O:$O)) | M80: =IF($F80="","",_xlfn.XLOOKUP($F80,'1.PrepList'!$I:$I,'1.PrepList'!$P:$P)) | N80: =IF($F80="","",_xlfn.XLOOKUP($F80,'1.PrepList'!$I:$I,'1.PrepList'!$Q:$Q)) | O80: =IF($F80="","",_xlfn.XLOOKUP($F80,'1.PrepList'!$I:$I,'1.PrepList'!$R:$R)) | P80: =IF($F80="","",_xlfn.XLOOKUP($F80,'1.PrepList'!$I:$I,'1.PrepList'!$S:$S))
A81: =IF($F81="","",_xlfn.XLOOKUP($F81,'1.PrepList'!$I:$I,'1.PrepList'!$C:$C)) | B81: =IF($F81="","",_xlfn.XLOOKUP($F81,'1.PrepList'!$I:$I,'1.PrepList'!$D:$D)) | C81: =IF($F81="","","Started") | D81: =IF($F81="","",_xlfn.XLOOKUP($F81,'1.PrepList'!$I:$I,'1.PrepList'!$F:$F)) | E81: =IF($F81="","",_xlfn.XLOOKUP($F81,'1.PrepList'!$I:$I,'1.PrepList'!$H:$H)) | F81: =IFERROR(_xlfn.AGGREGATE(15,6,'1.PrepList'!$I$2:$I$1500/('1.PrepList'!$B$2:$B$1500="Yes"),ROWS($F$70:F81)),"") | G81: =IF($F81="","",_xlfn.XLOOKUP($F81,'1.PrepList'!$I:$I,'1.PrepList'!$J:$J)) | H81: =IF($F81="","",_xlfn.XLOOKUP($F81,'1.PrepList'!$I:$I,'1.PrepList'!$K:$K)) | I81: =IF($F81="","",_xlfn.XLOOKUP($F81,'1.PrepList'!$I:$I,'1.PrepList'!$L:$L)) | J81: =IF($F81="","",_xlfn.XLOOKUP($F81,'1.PrepList'!$I:$I,'1.PrepList'!$M:$M)) | K81: =IF($F81="","",_xlfn.XLOOKUP($F81,'1.PrepList'!$I:$I,'1.PrepList'!$N:$N)) | L81: =IF($F81="","",_xlfn.XLOOKUP($F81,'1.PrepList'!$I:$I,'1.PrepList'!$O:$O)) | M81: =IF($F81="","",_xlfn.XLOOKUP($F81,'1.PrepList'!$I:$I,'1.PrepList'!$P:$P)) | N81: =IF($F81="","",_xlfn.XLOOKUP($F81,'1.PrepList'!$I:$I,'1.PrepList'!$Q:$Q)) | O81: =IF($F81="","",_xlfn.XLOOKUP($F81,'1.PrepList'!$I:$I,'1.PrepList'!$R:$R)) | P81: =IF($F81="","",_xlfn.XLOOKUP($F81,'1.PrepList'!$I:$I,'1.PrepList'!$S:$S))
... A269: =IF($F269="","",_xlfn.XLOOKUP($F269,'1.PrepList'!$I:$I,'1.PrepList'!$C:$C)) | B269: =IF($F269="","",_xlfn.XLOOKUP($F269,'1.PrepList'!$I:$I,'1.PrepList'!$D:$D)) | C269: =IF($F269="","","Started") | D269: =IF($F269="","",_xlfn.XLOOKUP($F269,'1.PrepList'!$I:$I,'1.PrepList'!$F:$F)) | E269: =IF($F269="","",_xlfn.XLOOKUP($F269,'1.PrepList'!$I:$I,'1.PrepList'!$H:$H)) | F269: =IFERROR(_xlfn.AGGREGATE(15,6,'1.PrepList'!$I$2:$I$1500/('1.PrepList'!$B$2:$B$1500="Yes"),ROWS($F$70:F269)),"") | G269: =IF($F269="","",_xlfn.XLOOKUP($F269,'1.PrepList'!$I:$I,'1.PrepList'!$J:$J)) | H269: =IF($F269="","",_xlfn.XLOOKUP($F269,'1.PrepList'!$I:$I,'1.PrepList'!$K:$K)) | I269: =IF($F269="","",_xlfn.XLOOKUP($F269,'1.PrepList'!$I:$I,'1.PrepList'!$L:$L)) | J269: =IF($F269="","",_xlfn.XLOOKUP($F269,'1.PrepList'!$I:$I,'1.PrepList'!$M:$M)) | K269: =IF($F269="","",_xlfn.XLOOKUP($F269,'1.PrepList'!$I:$I,'1.PrepList'!$N:$N)) | L269: =IF($F269="","",_xlfn.XLOOKUP($F269,'1.PrepList'!$I:$I,'1.PrepList'!$O:$O)) | M269: =IF($F269="","",_xlfn.XLOOKUP($F269,'1.PrepList'!$I:$I,'1.PrepList'!$P:$P)) | N269: =IF($F269="","",_xlfn.XLOOKUP($F269,'1.PrepList'!$I:$I,'1.PrepList'!$Q:$Q)) | O269: =IF($F269="","",_xlfn.XLOOKUP($F269,'1.PrepList'!$I:$I,'1.PrepList'!$R:$R)) | P269: =IF($F269="","",_xlfn.XLOOKUP($F269,'1.PrepList'!$I:$I,'1.PrepList'!$S:$S))

Sheet Scorecard
A1: Tracks candidates from the Started column on start-date tabs only. Add a new row (copy the formulas across) when a new recruiter code is added. | H1: Tracks candidates from the Started column on start-date tabs only, grouped by Office (via PrepList, matched by Bold ID). Offices are fixed (WVC, WJ, NSL) - no rows to add unless a new office is created. | O1: Position List (dropdown source)
O2: Mechanical Assembly
A3: Recruiter | B3: Placed on Start Tabs | C3: Started | D3: No Show | E3: Still Pending | F3: Start Rate | H3: Office | I3: Placed on Start Tabs | J3: Started | K3: No Show | L3: Still Pending | M3: Start Rate | O3: Materials
A4: AR | B4: =COUNTIF(tbl_StartedStatus[Recruiter],A4) -> 0 | C4: =COUNTIFS(tbl_StartedStatus[Recruiter],A4,tbl_StartedStatus[Started],"Started") -> 0 | D4: =COUNTIFS(tbl_StartedStatus[Recruiter],A4,tbl_StartedStatus[Started],"No Show") -> 0 | E4: =B4-C4-D4 -> 0 | F4: =IF(C4+D4=0,"",C4/(C4+D4)) | H4: NSL | I4: =COUNTIF(_StartedStatus!$AA:$AA,H4) -> 5 | J4: =COUNTIFS(_StartedStatus!$AA:$AA,H4,_StartedStatus!$A:$A,"Started") -> 0 | K4: =COUNTIFS(_StartedStatus!$AA:$AA,H4,_StartedStatus!$A:$A,"No Show") -> 0 | L4: =I4-J4-K4 -> 5 | M4: =IF(J4+K4=0,"",J4/(J4+K4)) | O4: Rack Assembly
A5: BL | B5: =COUNTIF(tbl_StartedStatus[Recruiter],A5) -> 13 | C5: =COUNTIFS(tbl_StartedStatus[Recruiter],A5,tbl_StartedStatus[Started],"Started") -> 0 | D5: =COUNTIFS(tbl_StartedStatus[Recruiter],A5,tbl_StartedStatus[Started],"No Show") -> 0 | E5: =B5-C5-D5 -> 13 | F5: =IF(C5+D5=0,"",C5/(C5+D5)) | H5: WVC | I5: =COUNTIF(_StartedStatus!$AA:$AA,H5) -> 12 | J5: =COUNTIFS(_StartedStatus!$AA:$AA,H5,_StartedStatus!$A:$A,"Started") -> 0 | K5: =COUNTIFS(_StartedStatus!$AA:$AA,H5,_StartedStatus!$A:$A,"No Show") -> 0 | L5: =I5-J5-K5 -> 12 | M5: =IF(J5+K5=0,"",J5/(J5+K5)) | O5: IT Support
A6: CE | B6: =COUNTIF(tbl_StartedStatus[Recruiter],A6) -> 0 | C6: =COUNTIFS(tbl_StartedStatus[Recruiter],A6,tbl_StartedStatus[Started],"Started") -> 0 | D6: =COUNTIFS(tbl_StartedStatus[Recruiter],A6,tbl_StartedStatus[Started],"No Show") -> 0 | E6: =B6-C6-D6 -> 0 | F6: =IF(C6+D6=0,"",C6/(C6+D6)) | H6: WJ | I6: =COUNTIF(_StartedStatus!$AA:$AA,H6) -> 28 | J6: =COUNTIFS(_StartedStatus!$AA:$AA,H6,_StartedStatus!$A:$A,"Started") -> 0 | K6: =COUNTIFS(_StartedStatus!$AA:$AA,H6,_StartedStatus!$A:$A,"No Show") -> 0 | L6: =I6-J6-K6 -> 28 | M6: =IF(J6+K6=0,"",J6/(J6+K6)) | O6: Delivery Systems Analyst
A7: CN | B7: =COUNTIF(tbl_StartedStatus[Recruiter],A7) -> 0 | C7: =COUNTIFS(tbl_StartedStatus[Recruiter],A7,tbl_StartedStatus[Started],"Started") -> 0 | D7: =COUNTIFS(tbl_StartedStatus[Recruiter],A7,tbl_StartedStatus[Started],"No Show") -> 0 | E7: =B7-C7-D7 -> 0 | F7: =IF(C7+D7=0,"",C7/(C7+D7)) | H7: TOTAL | I7: =SUM(I4:I6) -> 45 | J7: =SUM(J4:J6) -> 0 | K7: =SUM(K4:K6) -> 0 | L7: =SUM(L4:L6) -> 45 | M7: =IF(J7+K7=0,"",J7/(J7+K7)) | O7: Quality
A8: DG | B8: =COUNTIF(tbl_StartedStatus[Recruiter],A8) -> 0 | C8: =COUNTIFS(tbl_StartedStatus[Recruiter],A8,tbl_StartedStatus[Started],"Started") -> 0 | D8: =COUNTIFS(tbl_StartedStatus[Recruiter],A8,tbl_StartedStatus[Started],"No Show") -> 0 | E8: =B8-C8-D8 -> 0 | F8: =IF(C8+D8=0,"",C8/(C8+D8)) | O8: Test Operator
A9: DR | B9: =COUNTIF(tbl_StartedStatus[Recruiter],A9) -> 6 | C9: =COUNTIFS(tbl_StartedStatus[Recruiter],A9,tbl_StartedStatus[Started],"Started") -> 0 | D9: =COUNTIFS(tbl_StartedStatus[Recruiter],A9,tbl_StartedStatus[Started],"No Show") -> 0 | E9: =B9-C9-D9 -> 6 | F9: =IF(C9+D9=0,"",C9/(C9+D9)) | O9: Debug
A10: EP | B10: =COUNTIF(tbl_StartedStatus[Recruiter],A10) -> 3 | C10: =COUNTIFS(tbl_StartedStatus[Recruiter],A10,tbl_StartedStatus[Started],"Started") -> 0 | D10: =COUNTIFS(tbl_StartedStatus[Recruiter],A10,tbl_StartedStatus[Started],"No Show") -> 0 | E10: =B10-C10-D10 -> 3 | F10: =IF(C10+D10=0,"",C10/(C10+D10))
A11: FZ | B11: =COUNTIF(tbl_StartedStatus[Recruiter],A11) -> 7 | C11: =COUNTIFS(tbl_StartedStatus[Recruiter],A11,tbl_StartedStatus[Started],"Started") -> 0 | D11: =COUNTIFS(tbl_StartedStatus[Recruiter],A11,tbl_StartedStatus[Started],"No Show") -> 0 | E11: =B11-C11-D11 -> 7 | F11: =IF(C11+D11=0,"",C11/(C11+D11)) | O11: Last Refreshed: | P11: =IFERROR(_StartedStatus!$Z$2,"") -> 46275.48
A12: GKW | B12: =COUNTIF(tbl_StartedStatus[Recruiter],A12) -> 5 | C12: =COUNTIFS(tbl_StartedStatus[Recruiter],A12,tbl_StartedStatus[Started],"Started") -> 0 | D12: =COUNTIFS(tbl_StartedStatus[Recruiter],A12,tbl_StartedStatus[Started],"No Show") -> 0 | E12: =B12-C12-D12 -> 5 | F12: =IF(C12+D12=0,"",C12/(C12+D12))
A13: JM | B13: =COUNTIF(tbl_StartedStatus[Recruiter],A13) -> 8 | C13: =COUNTIFS(tbl_StartedStatus[Recruiter],A13,tbl_StartedStatus[Started],"Started") -> 0 | D13: =COUNTIFS(tbl_StartedStatus[Recruiter],A13,tbl_StartedStatus[Started],"No Show") -> 0 | E13: =B13-C13-D13 -> 8 | F13: =IF(C13+D13=0,"",C13/(C13+D13))
A14: JY | B14: =COUNTIF(tbl_StartedStatus[Recruiter],A14) -> 9 | C14: =COUNTIFS(tbl_StartedStatus[Recruiter],A14,tbl_StartedStatus[Started],"Started") -> 0 | D14: =COUNTIFS(tbl_StartedStatus[Recruiter],A14,tbl_StartedStatus[Started],"No Show") -> 0 | E14: =B14-C14-D14 -> 9 | F14: =IF(C14+D14=0,"",C14/(C14+D14))
A15: NM | B15: =COUNTIF(tbl_StartedStatus[Recruiter],A15) -> 26 | C15: =COUNTIFS(tbl_StartedStatus[Recruiter],A15,tbl_StartedStatus[Started],"Started") -> 0 | D15: =COUNTIFS(tbl_StartedStatus[Recruiter],A15,tbl_StartedStatus[Started],"No Show") -> 0 | E15: =B15-C15-D15 -> 26 | F15: =IF(C15+D15=0,"",C15/(C15+D15))
A16: RP | B16: =COUNTIF(tbl_StartedStatus[Recruiter],A16) -> 15 | C16: =COUNTIFS(tbl_StartedStatus[Recruiter],A16,tbl_StartedStatus[Started],"Started") -> 0 | D16: =COUNTIFS(tbl_StartedStatus[Recruiter],A16,tbl_StartedStatus[Started],"No Show") -> 0 | E16: =B16-C16-D16 -> 15 | F16: =IF(C16+D16=0,"",C16/(C16+D16))
A17: SM | B17: =COUNTIF(tbl_StartedStatus[Recruiter],A17) -> 0 | C17: =COUNTIFS(tbl_StartedStatus[Recruiter],A17,tbl_StartedStatus[Started],"Started") -> 0 | D17: =COUNTIFS(tbl_StartedStatus[Recruiter],A17,tbl_StartedStatus[Started],"No Show") -> 0 | E17: =B17-C17-D17 -> 0 | F17: =IF(C17+D17=0,"",C17/(C17+D17))
A18: TOTAL | B18: =SUM(B4:B17) -> 92 | C18: =SUM(C4:C17) -> 0 | D18: =SUM(D4:D17) -> 0 | E18: =SUM(E4:E17) -> 92 | F18: =IF(C18+D18=0,"",C18/(C18+D18))

Sheet Variables
A1: Department: | B1: Interested | C1: Cleared
A2: Production Specialist 1 - Mechanical Assembly - A&C Shift
A3: Production Specialist 1 - Mechanical Assembly - B&D shift
A21: Total

Sheet Dashboard For Flex
A1: Applications | C1: Phone Screens | E1: Interviews | G1: Resume Subs
A2: Goal | B2: Attn | C2: Goal | D2: Attn | E2: Interviews Scheduled for today | F2: Interviews Scheduled for tomorrow | G2: Goal | H2: Attn | I2: Offers accepted | J2: Total in Pipeline | K2: Production Specialist 1 - Mechanical Assembly - A&C Shift | L2: Production Specialist 1 - Mechanical Assembly - A&C Shift Background cleared | M2: Production Specialist 1 - Mechanical Assembly - B&D shift | N2: Production Specialist 1 - Mechanical Assembly - B&D shift Background cleared | O2: Production Specialist 1 - Materials - A&C shift | P2: Production Specialist 1 - Materials - A&C shift Background cleared | Q2: Production Specialist 1 - Materials - B&D shift | R2: Production Specialist 1 - Materials - B&D shiftBackground cleared | S2: Production Specialist 1 - Rack Level Assembly - A&C shift | T2: Production Specialist 1 - Rack Level Assembly - A&C shift Background cleared | U2: Production Specialist 1 - Rack Level Assembly - B&D shift | V2: Production Specialist 1 - Rack Level Assembly - B&D shift Background cleared | W2: IT Support Technician - 1st Shift | X2: IT Support Technician - 1st Shift - Background cleared | Y2: Delivery Business Systems Analyst - 1st Shift | Z2: Delivery Business Systems Analyst - 1st Shift - Background cleared | AA2: Production Specialist 1 -Quality - B&D shift | AB2: Production Specialist 1 - Quality - B&D shift - Background cleared | AC2: Production Specialist 1 -Test Opertor - A&Cshift | AD2: Production Specialist 1 - Test Opertor - A&C shift - Background cleared | AE2: Production Specialist 1 - Mechanical Assy Debug - A&C shift | AF2: Production Specialist 1 - Mechanical Assy Debug - A&C shift - Background cleared | AG2: Debug Tech 4 - B&D shift | AH2: Debug Tech 4 - B&D shift - Background cleared | AI2: HR Generalist - 1st Shift | AJ2: Recruiter 1st Shift | AK2: Production Specialist 1 -Test Opertor - 1st shift | AL2: Production Specialist 1 - Test Opertor - 1st shift - Background cleared | AM2: Production Specialist 1 - Mechanical Assy Debug - 1st shift | AN2: Production Specialist 1 - Mechanical Assy Debug - 1st shift - Background cleared | AO2: Debug Tech 4 - 2nd shift | AP2: Debug Tech 4 - 2nd shift - Background cleared | AQ2: HR Generalist - 1st Shift | AR2: Recruiter 1st Shift

Sheet Dashboard
A1: Department: | B1: Interested | C1: Cleared
A2: Production Specialist 1 - Mechanical Assembly - 1st shift | B2: =COUNTIFS(PrepList!E:E,Dashboard!A2,PrepList'!M:M,"No") | C2: =COUNTIFS('1.PrepList'!#REF!,Dashboard!A2,'1.PrepList'!#REF!,"Yes") -> #REF!
A3: Production Specialist 1 - Mechanical Assembly - 2nd shift | B3: =COUNTIFS('1.PrepList'!J:J,Dashboard!A3,'1.PrepList'!#REF!,"No") -> #REF! | C3: =COUNTIFS('1.PrepList'!#REF!,Dashboard!A3,'1.PrepList'!#REF!,"Yes") -> #REF!
A4: Production Specialist 1 - Materials - 1st shift | B4: =COUNTIFS('1.PrepList'!J:J,Dashboard!A4,'1.PrepList'!#REF!,"No") -> #REF! | C4: =COUNTIFS('1.PrepList'!#REF!,Dashboard!A4,'1.PrepList'!#REF!,"Yes") -> #REF!
A5: Production Specialist 1 - Materials - 2nd shift | B5: =COUNTIFS('1.PrepList'!J:J,Dashboard!A5,'1.PrepList'!#REF!,"No") -> #REF! | C5: =COUNTIFS('1.PrepList'!#REF!,Dashboard!A5,'1.PrepList'!#REF!,"Yes") -> #REF!
A6: Production Specialist 1 - Materials - 3rd shift | B6: =COUNTIFS('1.PrepList'!J:J,Dashboard!A6,'1.PrepList'!#REF!,"No") -> #REF! | C6: =COUNTIFS('1.PrepList'!#REF!,Dashboard!A6,'1.PrepList'!#REF!,"Yes") -> #REF!
A7: Production Specialist 1 - Mechanical Assembly - 3rd shift | B7: =COUNTIFS('1.PrepList'!J:J,Dashboard!A7,'1.PrepList'!#REF!,"No") -> #REF! | C7: =COUNTIFS('1.PrepList'!#REF!,Dashboard!A7,'1.PrepList'!#REF!,"Yes") -> #REF!
A8: Production Specialist 1 - Rack Level Assembly - 3rd shift | B8: =COUNTIFS('1.PrepList'!J:J,Dashboard!A8,'1.PrepList'!#REF!,"No") -> #REF! | C8: =COUNTIFS('1.PrepList'!#REF!,Dashboard!A8,'1.PrepList'!#REF!,"Yes") -> #REF!
A9: Production Specialist 1 - Packout - 3rd shift | B9: =COUNTIFS('1.PrepList'!J:J,Dashboard!A9,'1.PrepList'!#REF!,"No") -> #REF! | C9: =COUNTIFS('1.PrepList'!#REF!,Dashboard!A9,'1.PrepList'!#REF!,"Yes") -> #REF!
A10: Production Specialist 1 - Rack Level Assembly - 3rd shift | B10: =COUNTIFS('1.PrepList'!J:J,Dashboard!A10,'1.PrepList'!#REF!,"No") -> #REF! | C10: =COUNTIFS('1.PrepList'!#REF!,Dashboard!A10,'1.PrepList'!#REF!,"Yes") -> #REF!
A11: Production Specialist 1 - Rack Level Assembly -1st shift | B11: =COUNTIFS('1.PrepList'!J:J,Dashboard!A11,'1.PrepList'!#REF!,"No") -> #REF! | C11: =COUNTIFS('1.PrepList'!#REF!,Dashboard!A11,'1.PrepList'!#REF!,"Yes") -> #REF!
A12: Production Specialist 1 - Rack Level Assembly -2nd shift | B12: =COUNTIFS('1.PrepList'!J:J,Dashboard!A12,'1.PrepList'!#REF!,"No") -> #REF! | C12: =COUNTIFS('1.PrepList'!#REF!,Dashboard!A12,'1.PrepList'!#REF!,"Yes") -> #REF!
A13: IT Support Technician - 1st Shift | B13: =COUNTIFS('1.PrepList'!J:J,Dashboard!A13,'1.PrepList'!#REF!,"No") -> #REF! | C13: =COUNTIFS('1.PrepList'!#REF!,Dashboard!A13,'1.PrepList'!#REF!,"Yes") -> #REF!
A14: Delivery Business Systems Analyst - 1st Shift | B14: =COUNTIFS('1.PrepList'!J:J,Dashboard!A14,'1.PrepList'!#REF!,"No") -> #REF! | C14: =COUNTIFS('1.PrepList'!#REF!,Dashboard!A14,'1.PrepList'!#REF!,"Yes") -> #REF!
... A20: Recruiter 1st Shift | B20: =COUNTIFS('1.PrepList'!J:J,Dashboard!A20,'1.PrepList'!#REF!,"No") -> #REF! | C20: =COUNTIFS('1.PrepList'!#REF!,Dashboard!A20,'1.PrepList'!#REF!,"Yes") -> #REF!
A21: Total | B21: =SUM(B2:B20) -> #REF! | C21: =SUM(C2:C20) -> #REF!

Sheet Office Goals
A1: 2.24 - 2.28 | D1: as of 2.26
A2: Office | B2: Goal | C2: Actual
A3: NSL | B3: 10 | C3: 16
A4: WVC | B4: 20 | C4: 45
A5: WJ | B5: 20 | C5: 23
A6: Total | B6: =SUM(B3:B5) -> 50 | C6: =SUM(C3:C5) -> 84
A8: 3.03 - 3.07
A9: Office | B9: Goal | C9: Actual
A10: NSL | B10: 10
A11: WVC | B11: 20
A12: WJ | B12: 20
A13: Total | B13: =SUM(B10:B12) -> 50 | C13: =SUM(C10:C12) -> 0

Sheet MGR&Shifts
A1: Work Location | B1: Shift_Time | C1: Manager
A2: SLC-WH-RECIEVING & SHIPPING | B2: 0700a-0400p M-F some Saturday's | C2: Adam Coghlan (1034757)
A3: SLC-RACK ASSY- SUPERVISOR ASSY | B3: 8:30am to 5:00pm | C3: Alex Martinez
A4: SLC-RACK ASSY-IQA INSPECTION | B4: Salt Lake City- C 1st Shift 0630a-0300p Mon-Fri | C4: Alondra Landin (1152847)
A5: SLC-MECH ASSY- SUPERVISOR ASSY | B5: Salt Lake City - 12 - 0300p-1130p M-F | C5: Avigail Zamora
A6: SLC-MECH ASSY-ASSEMBLY | B6: 0800a-0500p M 1000a-0700p T-F | C6: Barbara Garcia (1137177)
A7: SLC-MECH ASSY-REWORK | B7: Salt Lake City- F 2nd Shift 0200p-1230a Mon-Th (15% Diff) | C7: Britton Hanna (1154396)
A8: SLC-RACK ASSY- SHIPPING | B8: Salt Lake City- Wknd Shift 0230p-0230a F-Sun (15% Diff) | C8: Castalia Marino
A9: SLC-WH-LEAD | B9: 0230p-1100p M-F some Saturday's | C9: Cristian Vega (1135987)
A10: SLC-MECH ASSY- WATER SPIDER | B10: Salt Lake City- D 1st Shift 0700a-0330p Mon-Fri | C10: Dallas Driggers (1156397)
A11: SLC-MECH ASSY-KITTING | B11: 0400p-0100a M-F some Saturday's | C11: Danilo Vieira De Souza Alves (60729)
A12: SLC-MECH ASSY-DETRASH | B12: 0330p-1200a M-F some Saturday's | C12: David Hiestand (1138434)
... A41: SLC-RACK ASSY-WATERSPIDER | B41: Salt Lake City - L - 10:00 PM - 6:30 AM (Sun-Thurs) | C41: Zee Fruechting (1167899)

Sheet Completed Orientation
A1: Employee Name | B1: Phone # | C1: Preferred Schedule | D1: Shift Requirement | E1: Position
A2: Ivonne Galban | B2: 801-500-3133 | C2: A/C (Day) | E2: =ROW() - ROW(Table52[[#Headers],[Position]]) -> 1
A3: Yulimar M Nazarin | B3: 313-523-3391 | C3: A/C (Day) | E3: =ROW() - ROW(Table52[[#Headers],[Position]]) -> 2
A4: Sindy Viviana Guillen Taborda | B4: 385-343-2625 | C4: A/C (Day) | E4: =ROW() - ROW(Table52[[#Headers],[Position]]) -> 3
A5: Abel Elias Huaman Huachopoma | B5: 385-421-1590 | C5: A/C (Day) | E5: =ROW() - ROW(Table52[[#Headers],[Position]]) -> 4
A6: David C Huaman Julian | B6: 801-946-9851 | C6: A/C (Day) | E6: =ROW() - ROW(Table52[[#Headers],[Position]]) -> 5
A7: Stivaliz Chirino | B7: 385-267-0910 | C7: A/C (Day) | E7: =ROW() - ROW(Table52[[#Headers],[Position]]) -> 6
A8: Cruzmar Danielo Azuaje Briceno | B8: 801-895-1504 | C8: A/C (Day) | E8: =ROW() - ROW(Table52[[#Headers],[Position]]) -> 7
A9: Gloria N Navarro | B9: 385-302-2818 | C9: A/C (Day) | E9: =ROW() - ROW(Table52[[#Headers],[Position]]) -> 8
A10: Maria Duram | B10: 689-204-4662 | C10: A/C (Day) | E10: =ROW() - ROW(Table52[[#Headers],[Position]]) -> 9
A11: Ginelda Palmar | B11: 385-343-9591 | C11: A/C (Day) | E11: =ROW() - ROW(Table52[[#Headers],[Position]]) -> 10
A12: Juan Acero Diaz | B12: 813-521-3185 | C12: A/C (Day) | E12: =ROW() - ROW(Table52[[#Headers],[Position]]) -> 11
A13: Maria Mercedes Ibarra | B13: 801-584-9577 | C13: A/C (Day) | E13: =ROW() - ROW(Table52[[#Headers],[Position]]) -> 12
... A15: Juan Nova | B15: 385-576-3439 | C15: A/C (Day) | E15: =ROW() - ROW(Table52[[#Headers],[Position]]) -> 14
A16: Jesse Gonzalez | C16: A/C (Day) | E16: =ROW() - ROW(Table52[[#Headers],[Position]]) -> 15
A17: Christian Crush | C17: A/C (Day) | E17: =ROW() - ROW(Table52[[#Headers],[Position]]) -> 16
A18: Gabriela Molina | B18: 385-267-9020 | C18: A/C (Day) | D18: Luzmila Ballesteros | E18: =ROW() - ROW(Table52[[#Headers],[Position]]) -> 17
A19: Jesse Gonzalez | B19: 801-809-7918 | C19: A/C (Day) | E19: =ROW() - ROW(Table52[[#Headers],[Position]]) -> 18
A20: Christian Crush | B20: 409-730-6234 | C20: A/C (Day) | E20: =ROW() - ROW(Table52[[#Headers],[Position]]) -> 19
A21: Gisell Carmona | B21: 385-441-2390 | C21: A/C (Day) | D21: Catherine Rodriguez | E21: =ROW() - ROW(Table52[[#Headers],[Position]]) -> 20
A22: Catherine Rodriguez | B22: (801) 330-2018 | C22: A/C (Day) | D22: Gisell Carmona | E22: =ROW() - ROW(Table52[[#Headers],[Position]]) -> 21
A23: Mariely Gonzalez | B23: 801-674-5096 | C23: A/C (Day) | E23: =ROW() - ROW(Table52[[#Headers],[Position]]) -> 22
A24: Craig Allen Foster | B24: 406-381-3640 | C24: A/C (Day) | E24: =ROW() - ROW(Table52[[#Headers],[Position]]) -> 23
A25: Lizbeth Zavala | B25: 801-708-9014 | C25: A/C (Day) | E25: =ROW() - ROW(Table52[[#Headers],[Position]]) -> 24
A26: Syreefa Yazzie | B26: 385-887-1774 | C26: A/C (Day) | D26: Timothy Alires | E26: =ROW() - ROW(Table52[[#Headers],[Position]]) -> 25
A27: Jerja Chatterton | B27: 435-755-0810 | C27: A/C (Day) | E27: =ROW() - ROW(Table52[[#Headers],[Position]]) -> 26
A28: Jennifer Lee | B28: 385-258-9659 | C28: A/C (Day) | E28: =ROW() - ROW(Table52[[#Headers],[Position]]) -> 27
A29: Sabha Abrena | B29: 385-299-1604 | C29: A/C (Day) | E29: =ROW() - ROW(Table52[[#Headers],[Position]]) -> 28
A30: Taylor W Lawer | B30: 707-378-3290 | C30: A/C (Day) | E30: =ROW() - ROW(Table52[[#Headers],[Position]]) -> 29
A31: Sophie Wesseh | B31: 385-520-3599 | C31: A/C (Day) | E31: =ROW() - ROW(Table52[[#Headers],[Position]]) -> 30
A32: Norris John | B32: 949-393-8177 | C32: A/C (Day) | D32: 385-401-3966 | E32: =ROW() - ROW(Table52[[#Headers],[Position]]) -> 31
A33: Lotomaci BJ Uluset? | B33: 385-566-7922 | C33: A/C (Day) | D33: Robert Tiana | E33: =ROW() - ROW(Table52[[#Headers],[Position]]) -> 32
A34: Rober Tiana | B34: 385-566-7922 | C34: A/C (Day) | D34: BJ | E34: =ROW() - ROW(Table52[[#Headers],[Position]]) -> 33
A35: Arely Cardenas | B35: 801-824-7474 | C35: A/C (Day) | D35: C | E35: =ROW() - ROW(Table52[[#Headers],[Position]]) -> 34
A36: Ulises Anzaldo | B36: 385-770-9129 | C36: A/C (Day) | E36: =ROW() - ROW(Table52[[#Headers],[Position]]) -> 35
A37: Hawa Enow | B37: 801-618-5641 | C37: A/C (Day) | E37: =ROW() - ROW(Table52[[#Headers],[Position]]) -> 36
A38: Jhony Mauricio | B38: 385-900-6827 | C38: A/C (Day) | E38: =ROW() - ROW(Table52[[#Headers],[Position]]) -> 37
A39: Mary Cruz Parra | B39: 385-461-2852 | C39: A/C (Day) | E39: =ROW() - ROW(Table52[[#Headers],[Position]]) -> 38
A40: Yendri Merentes | B40: 801-430-4477 | C40: A/C (Day) | E40: =ROW() - ROW(Table52[[#Headers],[Position]]) -> 39
A41: Angel Enrique Chacin Romero | B41: 801-414-0925 | C41: A/C (Day) | E41: =ROW() - ROW(Table52[[#Headers],[Position]]) -> 40
A42: Melfis Jair Herrera | B42: 385-354-0347 | C42: A/C (Day) | E42: =ROW() - ROW(Table52[[#Headers],[Position]]) -> 41
A43: Vianca Sifonto? | B43: 801-680-4038 | C43: A/C (Day) | E43: =ROW() - ROW(Table52[[#Headers],[Position]]) -> 42
A44: Weena Chavez | B44: 561-719-8206 | C44: A/C (Day) | E44: =ROW() - ROW(Table52[[#Headers],[Position]]) -> 43
A45: Noah Parker | B45: 801-779-1369 | C45: A/C (Day) | E45: =ROW() - ROW(Table52[[#Headers],[Position]]) -> 44
A46: Alison Polite | B46: 385-777-7476 | C46: A/C (Day) | E46: =ROW() - ROW(Table52[[#Headers],[Position]]) -> 45
A47: Claudia Jaime | B47: 208-771-6268 | C47: A/C (Day) | E47: =ROW() - ROW(Table52[[#Headers],[Position]]) -> 46
A48: Deborah Sampson | B48: 385-318-5754 | C48: A/C (Day) | E48: =ROW() - ROW(Table52[[#Headers],[Position]]) -> 47
A49: Anpi Pina Trujillo | C49: A/C (Day) | E49: =ROW() - ROW(Table52[[#Headers],[Position]]) -> 48
A50: Marisol Zambrano Flores | B50: 801-706-9368 | C50: A/C (Day) | E50: =ROW() - ROW(Table52[[#Headers],[Position]]) -> 49
A51: Paul Gonzalez | B51: 385-370-7295 | C51: A/C (Day) | E51: =ROW() - ROW(Table52[[#Headers],[Position]]) -> 50
A52: Yaseisi Munoz | B52: 385-556-9399 | C52: A/C (Day) | E52: =ROW() - ROW(Table52[[#Headers],[Position]]) -> 51
A53: Josmary Perdomo | B53: 469-924-9288 | C53: A/C (Day) | E53: =ROW() - ROW(Table52[[#Headers],[Position]]) -> 52
A54: Worbelto Bracho | B54: 623-306-0592 | C54: A/C (Day) | E54: =ROW() - ROW(Table52[[#Headers],[Position]]) -> 53
A55: Yraldis Bracho Castillo | B55: 602-772-1754 | C55: A/C (Day) | E55: =ROW() - ROW(Table52[[#Headers],[Position]]) -> 54
A56: Linethe Fernandez | B56: 865-321-3242 | C56: A/C (Day) | E56: =ROW() - ROW(Table52[[#Headers],[Position]]) -> 55
A57: Fully Mosquera | B57: 385-436-7750 | C57: A/C (Day) | E57: =ROW() - ROW(Table52[[#Headers],[Position]]) -> 56
A58: Talia Catamo | B58: 801-548-0427 | C58: A/C (Day) | E58: =ROW() - ROW(Table52[[#Headers],[Position]]) -> 57
A59: Vivian Olivieri | B59: 609-854-1397 | C59: A/C (Day) | E59: =ROW() - ROW(Table52[[#Headers],[Position]]) -> 58
A60: Krysbel Azvaje | B60: 407-989-8442 | C60: A/C (Day) | E60: =ROW() - ROW(Table52[[#Headers],[Position]]) -> 59
A61: Suscina Curilo | B61: 801-403-8650 | C61: A/C (Day) | E61: =ROW() - ROW(Table52[[#Headers],[Position]]) -> 60
... A64: Djuma Mito | B64: 801-674-5410 | C64: A/C (Day) | E64: =ROW() - ROW(Table52[[#Headers],[Position]]) -> 63
A65: Andrew Heineman | B65: 8019009858 | C65: A/C (Day) | E65: 71
A66: Asukulu Mwarabu | B66: 3254361994 | C66: A/C (Day) | E66: 72
A67: Djuma Mto | B67: 8016745410 | C67: A/C (Day) | E67: 73
A68: Mikyla Dance | B68: 801-648-2594 | C68: Either
A69: Merita Phillip | B69: 385-430-7464 | C69: B/D (Night) | D69: Hemritha | E69: 1
A70: Victoria Filo | B70: 801-502-7667 | C70: B/D (Night) | E70: 2
A71: Anita Tootoo | B71: 385-484-2150 | C71: B/D (Night) | E71: 3
A72: Damian Hernandez | B72: 801-502-3689 | C72: B/D (Night) | E72: 4
A73: Eugene Aveyrua | B73: 801-674-4701 | C73: B/D (Night) | E73: 5
A74: Giam Carlo Flores Pahma | B74: 435-565-9730 | C74: B/D (Night) | E74: 6
A75: David Charles | B75: 504-942-6624 | C75: B/D (Night) | E75: 7
A76: Hiana Chibangu | B76: 801-608-0048 | C76: B/D (Night) | D76: Mutombo Kanyeba | E76: 8
A77: Thelma Amaama | B77: 385-881-7971 | C77: B/D (Night) | E77: 9
A78: Jasmin Guzman | B78: 801-635-4778 | C78: B/D (Night) | E78: 10
A79: Farrell Palmer | B79: 505-613-1287 | C79: B/D (Night) | E79: 11
A80: Janet Domnick | B80: 303-525-3631 | C80: B/D (Night) | E80: 12
A81: Patrick Tuyishime | B81: 385-423-8461 | C81: B/D (Night) | E81: 13
A82: Mutombo Kanyeba | B82: 801-326-9701 | C82: B/D (Night) | D82: Chibanyu Ahina | E82: 14
A83: Nicholas Hight | B83: 801-414-0952 | C83: B/D (Night) | E83: 15
A84: Richard Vakapuna | B84: 801-425-5968 | C84: B/D (Night) | E84: 16
A85: Jose Ocanto Lunna | B85: 385-219-6644 | C85: B/D (Night) | D85: D | E85: 17
A86: Melemafi Laylani Tupola | B86: 3857872212 | C86: B/D (Night) | E86: 18
A87: Jancarlo Guerrero | B87: 3854479343 | C87: B/D (Night) | E87: 19
A88: Angel Peni | B88: 2532409813 | C88: B/D (Night) | E88: 20
A89: Angie Peni | B89: 8013008032 | C89: B/D (Night) | E89: 21
A90: Amelia Mokofisi | B90: 650-942-1117 | C90: B/D (Night) | E90: 22
A91: Darrius Turner | B91: 930-444-0567 | C91: B/D (Night) | E91: 23
A92: Diego Ramirez | B92: 385-239-9399 | C92: B/D (Night) | E92: 24
A93: Randa Garza | B93: 801-599-9069 | C93: B/D (Night) | E93: 25
A94: Esha Ali | B94: 801-413-6776 | C94: B/D (Night) | E94: 26
A95: Yandira | B95: 801-574-9577 | C95: B/D (Night) | E95: 27
A96: Kelly C Florence | B96: 385-487-2732 | C96: B/D (Night) | E96: 28
A97: CatalinaPaolaMaturana Gomez | B97: 801-680-8178 | C97: B/D (Night) | E97: 29
A98: Jacqueline J Salcedo | B98: 385-775-4941 | C98: B/D (Night) | E98: 30
A99: Diego Castellano | B99: 574-326-9920 | C99: B/D (Night) | E99: 31
A100: Linchinte Linchinte | B100: 801-889-7096 | C100: B/D (Night) | E100: 32
A101: Irene Palacius Santos | B101: 385-328-1559 | C101: B/D (Night) | E101: 33
A102: Phillip Schwenke | B102: 3852991096 | C102: B/D (Night) | E102: 34
A103: Daniel O. Nuttall | B103: 385-549-0977 | C103: B/D (Night) | E103: 35
...

Sheet Ready to Start
A1: Mini Completed Date | B1: Language | C1: Employee Name | D1: Bold ID | E1: Phone | F1: Shift | G1: Position | H1: A.M. | I1: BG | J1: DT | K1: EV | L1: FLEX Doc Sent | M1: Ready to Start | N1: Notes
B2: =IF('1.PrepList'!#REF!="","",'1.PrepList'!#REF!) -> #REF! | C2: =_xlfn.XLOOKUP(D2,'1.PrepList'!H:H,'1.PrepList'!G:G) -> #REF! | D2: =IF('1.PrepList'!#REF!="","",'1.PrepList'!#REF!) -> #REF! | E2: =IF('1.PrepList'!#REF!="","",'1.PrepList'!#REF!) -> #REF! | F2: =IF('1.PrepList'!#REF!="","",'1.PrepList'!#REF!) -> #REF! | G2: =IF('1.PrepList'!#REF!="","",'1.PrepList'!#REF!) -> #REF! | H2: =IF('1.PrepList'!#REF!="","",'1.PrepList'!#REF!) -> #REF! | I2: =IF('1.PrepList'!#REF!="","",'1.PrepList'!#REF!) -> #REF! | J2: =IF('1.PrepList'!#REF!="","",'1.PrepList'!#REF!) -> #REF! | L2: =IF('1.PrepList'!#REF!="","",'1.PrepList'!#REF!) -> #REF! | N2: =IF('1.PrepList'!#REF!="","",'1.PrepList'!#REF!) -> #REF!
B3: =IF('1.PrepList'!#REF!="","",'1.PrepList'!#REF!) -> #REF! | C3: =_xlfn.XLOOKUP(D3,'1.PrepList'!H:H,'1.PrepList'!G:G) -> #REF! | D3: =IF('1.PrepList'!#REF!="","",'1.PrepList'!#REF!) -> #REF! | E3: =IF('1.PrepList'!#REF!="","",'1.PrepList'!#REF!) -> #REF! | F3: =IF('1.PrepList'!#REF!="","",'1.PrepList'!#REF!) -> #REF! | G3: =IF('1.PrepList'!#REF!="","",'1.PrepList'!#REF!) -> #REF! | H3: =IF('1.PrepList'!#REF!="","",'1.PrepList'!#REF!) -> #REF! | I3: =IF('1.PrepList'!#REF!="","",'1.PrepList'!#REF!) -> #REF! | J3: =IF('1.PrepList'!#REF!="","",'1.PrepList'!#REF!) -> #REF! | L3: =IF('1.PrepList'!#REF!="","",'1.PrepList'!#REF!) -> #REF! | N3: =IF('1.PrepList'!#REF!="","",'1.PrepList'!#REF!) -> #REF!
B4: =IF('1.PrepList'!#REF!="","",'1.PrepList'!#REF!) -> #REF! | C4: =_xlfn.XLOOKUP(D4,'1.PrepList'!H:H,'1.PrepList'!G:G) -> #REF! | D4: =IF('1.PrepList'!#REF!="","",'1.PrepList'!#REF!) -> #REF! | E4: =IF('1.PrepList'!#REF!="","",'1.PrepList'!#REF!) -> #REF! | F4: =IF('1.PrepList'!#REF!="","",'1.PrepList'!#REF!) -> #REF! | G4: =IF('1.PrepList'!#REF!="","",'1.PrepList'!#REF!) -> #REF! | H4: =IF('1.PrepList'!#REF!="","",'1.PrepList'!#REF!) -> #REF! | I4: =IF('1.PrepList'!#REF!="","",'1.PrepList'!#REF!) -> #REF! | J4: =IF('1.PrepList'!#REF!="","",'1.PrepList'!#REF!) -> #REF! | L4: =IF('1.PrepList'!#REF!="","",'1.PrepList'!#REF!) -> #REF! | N4: =IF('1.PrepList'!#REF!="","",'1.PrepList'!#REF!) -> #REF!
B5: =IF('1.PrepList'!#REF!="","",'1.PrepList'!#REF!) -> #REF! | C5: =_xlfn.XLOOKUP(D5,'1.PrepList'!H:H,'1.PrepList'!G:G) -> #REF! | D5: =IF('1.PrepList'!#REF!="","",'1.PrepList'!#REF!) -> #REF! | E5: =IF('1.PrepList'!#REF!="","",'1.PrepList'!#REF!) -> #REF! | F5: =IF('1.PrepList'!#REF!="","",'1.PrepList'!#REF!) -> #REF! | G5: =IF('1.PrepList'!#REF!="","",'1.PrepList'!#REF!) -> #REF! | H5: =IF('1.PrepList'!#REF!="","",'1.PrepList'!#REF!) -> #REF! | I5: =IF('1.PrepList'!#REF!="","",'1.PrepList'!#REF!) -> #REF! | J5: =IF('1.PrepList'!#REF!="","",'1.PrepList'!#REF!) -> #REF! | L5: =IF('1.PrepList'!#REF!="","",'1.PrepList'!#REF!) -> #REF! | N5: =IF('1.PrepList'!#REF!="","",'1.PrepList'!#REF!) -> #REF!
B6: =IF('1.PrepList'!#REF!="","",'1.PrepList'!#REF!) -> #REF! | C6: =_xlfn.XLOOKUP(D6,'1.PrepList'!H:H,'1.PrepList'!G:G) -> #REF! | D6: =IF('1.PrepList'!#REF!="","",'1.PrepList'!#REF!) -> #REF! | E6: =IF('1.PrepList'!#REF!="","",'1.PrepList'!#REF!) -> #REF! | F6: =IF('1.PrepList'!#REF!="","",'1.PrepList'!#REF!) -> #REF! | G6: =IF('1.PrepList'!#REF!="","",'1.PrepList'!#REF!) -> #REF! | H6: =IF('1.PrepList'!#REF!="","",'1.PrepList'!#REF!) -> #REF! | I6: =IF('1.PrepList'!#REF!="","",'1.PrepList'!#REF!) -> #REF! | J6: =IF('1.PrepList'!#REF!="","",'1.PrepList'!#REF!) -> #REF! | L6: =IF('1.PrepList'!#REF!="","",'1.PrepList'!#REF!) -> #REF! | N6: =IF('1.PrepList'!#REF!="","",'1.PrepList'!#REF!) -> #REF!
B7: =IF('1.PrepList'!#REF!="","",'1.PrepList'!#REF!) -> #REF! | C7: =_xlfn.XLOOKUP(D7,'1.PrepList'!H:H,'1.PrepList'!G:G) -> #REF! | D7: =IF('1.PrepList'!#REF!="","",'1.PrepList'!#REF!) -> #REF! | E7: =IF('1.PrepList'!#REF!="","",'1.PrepList'!#REF!) -> #REF! | F7: =IF('1.PrepList'!#REF!="","",'1.PrepList'!#REF!) -> #REF! | G7: =IF('1.PrepList'!#REF!="","",'1.PrepList'!#REF!) -> #REF! | H7: =IF('1.PrepList'!#REF!="","",'1.PrepList'!#REF!) -> #REF! | I7: =IF('1.PrepList'!#REF!="","",'1.PrepList'!#REF!) -> #REF! | J7: =IF('1.PrepList'!#REF!="","",'1.PrepList'!#REF!) -> #REF! | L7: =IF('1.PrepList'!#REF!="","",'1.PrepList'!#REF!) -> #REF! | N7: =IF('1.PrepList'!#REF!="","",'1.PrepList'!#REF!) -> #REF!
B8: =IF('1.PrepList'!#REF!="","",'1.PrepList'!#REF!) -> #REF! | C8: =_xlfn.XLOOKUP(D8,'1.PrepList'!H:H,'1.PrepList'!G:G) -> #REF! | D8: =IF('1.PrepList'!#REF!="","",'1.PrepList'!#REF!) -> #REF! | E8: =IF('1.PrepList'!#REF!="","",'1.PrepList'!#REF!) -> #REF! | F8: =IF('1.PrepList'!#REF!="","",'1.PrepList'!#REF!) -> #REF! | G8: =IF('1.PrepList'!#REF!="","",'1.PrepList'!#REF!) -> #REF! | H8: =IF('1.PrepList'!#REF!="","",'1.PrepList'!#REF!) -> #REF! | I8: =IF('1.PrepList'!#REF!="","",'1.PrepList'!#REF!) -> #REF! | J8: =IF('1.PrepList'!#REF!="","",'1.PrepList'!#REF!) -> #REF! | L8: =IF('1.PrepList'!#REF!="","",'1.PrepList'!#REF!) -> #REF! | N8: =IF('1.PrepList'!#REF!="","",'1.PrepList'!#REF!) -> #REF!
B9: =IF('1.PrepList'!#REF!="","",'1.PrepList'!#REF!) -> #REF! | C9: =_xlfn.XLOOKUP(D9,'1.PrepList'!H:H,'1.PrepList'!G:G) -> #REF! | D9: =IF('1.PrepList'!#REF!="","",'1.PrepList'!#REF!) -> #REF! | E9: =IF('1.PrepList'!#REF!="","",'1.PrepList'!#REF!) -> #REF! | F9: =IF('1.PrepList'!#REF!="","",'1.PrepList'!#REF!) -> #REF! | G9: =IF('1.PrepList'!#REF!="","",'1.PrepList'!#REF!) -> #REF! | H9: =IF('1.PrepList'!#REF!="","",'1.PrepList'!#REF!) -> #REF! | I9: =IF('1.PrepList'!#REF!="","",'1.PrepList'!#REF!) -> #REF! | J9: =IF('1.PrepList'!#REF!="","",'1.PrepList'!#REF!) -> #REF! | L9: =IF('1.PrepList'!#REF!="","",'1.PrepList'!#REF!) -> #REF! | N9: =IF('1.PrepList'!#REF!="","",'1.PrepList'!#REF!) -> #REF!
B10: =IF('1.PrepList'!#REF!="","",'1.PrepList'!#REF!) -> #REF! | C10: =_xlfn.XLOOKUP(D10,'1.PrepList'!H:H,'1.PrepList'!G:G) -> #REF! | D10: =IF('1.PrepList'!#REF!="","",'1.PrepList'!#REF!) -> #REF! | E10: =IF('1.PrepList'!#REF!="","",'1.PrepList'!#REF!) -> #REF! | F10: =IF('1.PrepList'!#REF!="","",'1.PrepList'!#REF!) -> #REF! | G10: =IF('1.PrepList'!#REF!="","",'1.PrepList'!#REF!) -> #REF! | H10: =IF('1.PrepList'!#REF!="","",'1.PrepList'!#REF!) -> #REF! | I10: =IF('1.PrepList'!#REF!="","",'1.PrepList'!#REF!) -> #REF! | J10: =IF('1.PrepList'!#REF!="","",'1.PrepList'!#REF!) -> #REF! | L10: =IF('1.PrepList'!#REF!="","",'1.PrepList'!#REF!) -> #REF! | N10: =IF('1.PrepList'!#REF!="","",'1.PrepList'!#REF!) -> #REF!
B11: =IF('1.PrepList'!#REF!="","",'1.PrepList'!#REF!) -> #REF! | C11: =_xlfn.XLOOKUP(D11,'1.PrepList'!H:H,'1.PrepList'!G:G) -> #REF! | D11: =IF('1.PrepList'!#REF!="","",'1.PrepList'!#REF!) -> #REF! | E11: =IF('1.PrepList'!#REF!="","",'1.PrepList'!#REF!) -> #REF! | F11: =IF('1.PrepList'!#REF!="","",'1.PrepList'!#REF!) -> #REF! | G11: =IF('1.PrepList'!#REF!="","",'1.PrepList'!#REF!) -> #REF! | H11: =IF('1.PrepList'!#REF!="","",'1.PrepList'!#REF!) -> #REF! | I11: =IF('1.PrepList'!#REF!="","",'1.PrepList'!#REF!) -> #REF! | J11: =IF('1.PrepList'!#REF!="","",'1.PrepList'!#REF!) -> #REF! | L11: =IF('1.PrepList'!#REF!="","",'1.PrepList'!#REF!) -> #REF! | N11: =IF('1.PrepList'!#REF!="","",'1.PrepList'!#REF!) -> #REF!
B12: =IF('1.PrepList'!#REF!="","",'1.PrepList'!#REF!) -> #REF! | C12: =_xlfn.XLOOKUP(D12,'1.PrepList'!H:H,'1.PrepList'!G:G) -> #REF! | D12: =IF('1.PrepList'!#REF!="","",'1.PrepList'!#REF!) -> #REF! | E12: =IF('1.PrepList'!#REF!="","",'1.PrepList'!#REF!) -> #REF! | F12: =IF('1.PrepList'!#REF!="","",'1.PrepList'!#REF!) -> #REF! | G12: =IF('1.PrepList'!#REF!="","",'1.PrepList'!#REF!) -> #REF! | H12: =IF('1.PrepList'!#REF!="","",'1.PrepList'!#REF!) -> #REF! | I12: =IF('1.PrepList'!#REF!="","",'1.PrepList'!#REF!) -> #REF! | J12: =IF('1.PrepList'!#REF!="","",'1.PrepList'!#REF!) -> #REF! | L12: =IF('1.PrepList'!#REF!="","",'1.PrepList'!#REF!) -> #REF! | N12: =IF('1.PrepList'!#REF!="","",'1.PrepList'!#REF!) -> #REF!
B13: =IF('1.PrepList'!#REF!="","",'1.PrepList'!#REF!) -> #REF! | C13: =_xlfn.XLOOKUP(D13,'1.PrepList'!H:H,'1.PrepList'!G:G) -> #REF! | D13: =IF('1.PrepList'!#REF!="","",'1.PrepList'!#REF!) -> #REF! | E13: =IF('1.PrepList'!#REF!="","",'1.PrepList'!#REF!) -> #REF! | F13: =IF('1.PrepList'!#REF!="","",'1.PrepList'!#REF!) -> #REF! | G13: =IF('1.PrepList'!#REF!="","",'1.PrepList'!#REF!) -> #REF! | H13: =IF('1.PrepList'!#REF!="","",'1.PrepList'!#REF!) -> #REF! | I13: =IF('1.PrepList'!#REF!="","",'1.PrepList'!#REF!) -> #REF! | J13: =IF('1.PrepList'!#REF!="","",'1.PrepList'!#REF!) -> #REF! | L13: =IF('1.PrepList'!#REF!="","",'1.PrepList'!#REF!) -> #REF! | N13: =IF('1.PrepList'!#REF!="","",'1.PrepList'!#REF!) -> #REF!
... B170: =IF('1.PrepList'!#REF!="","",'1.PrepList'!#REF!) -> #REF! | C170: =_xlfn.XLOOKUP(D170,'1.PrepList'!H:H,'1.PrepList'!G:G) -> #REF! | D170: =IF('1.PrepList'!#REF!="","",'1.PrepList'!#REF!) -> #REF! | E170: =IF('1.PrepList'!#REF!="","",'1.PrepList'!#REF!) -> #REF! | F170: =IF('1.PrepList'!#REF!="","",'1.PrepList'!#REF!) -> #REF! | G170: =IF('1.PrepList'!#REF!="","",'1.PrepList'!#REF!) -> #REF! | H170: =IF('1.PrepList'!#REF!="","",'1.PrepList'!#REF!) -> #REF! | I170: =IF('1.PrepList'!#REF!="","",'1.PrepList'!#REF!) -> #REF! | J170: =IF('1.PrepList'!#REF!="","",'1.PrepList'!#REF!) -> #REF! | L170: =IF('1.PrepList'!#REF!="","",'1.PrepList'!#REF!) -> #REF! | N170: =IF('1.PrepList'!#REF!="","",'1.PrepList'!#REF!) -> #REF!
B171: =IF('1.PrepList'!F2="","",'1.PrepList'!F2) -> Spanish | C171: =_xlfn.XLOOKUP(D171,'1.PrepList'!H:H,'1.PrepList'!G:G) -> #N/A | D171: =IF('1.PrepList'!I2="","",'1.PrepList'!I2) -> 177671254 | E171: =IF('1.PrepList'!J2="","",'1.PrepList'!J2) -> 3856289600 | F171: =IF('1.PrepList'!K2="","",'1.PrepList'!K2) -> A/C | G171: =IF('1.PrepList'!L2="","",'1.PrepList'!L2) -> Mechanical Assembly | H171: =IF('1.PrepList'!N2="","",'1.PrepList'!N2) -> FZ | I171: =IF('1.PrepList'!O2="","",'1.PrepList'!O2) -> Pending | J171: =IF('1.PrepList'!P2="","",'1.PrepList'!P2) | L171: =IF('1.PrepList'!Q2="","",'1.PrepList'!Q2) -> Passed | N171: =IF('1.PrepList'!S2="","",'1.PrepList'!S2) -> Confirmed on 8/26 she is still interested
B172: =IF('1.PrepList'!F3="","",'1.PrepList'!F3) -> Spanish | C172: =_xlfn.XLOOKUP(D172,'1.PrepList'!H:H,'1.PrepList'!G:G) -> #N/A | D172: =IF('1.PrepList'!I3="","",'1.PrepList'!I3) -> 198173510 | E172: =IF('1.PrepList'!J3="","",'1.PrepList'!J3) -> 3852164295 | F172: =IF('1.PrepList'!K3="","",'1.PrepList'!K3) -> A/C | G172: =IF('1.PrepList'!L3="","",'1.PrepList'!L3) -> Mechanical Assembly | H172: =IF('1.PrepList'!N3="","",'1.PrepList'!N3) -> BL | I172: =IF('1.PrepList'!O3="","",'1.PrepList'!O3) -> Passed | J172: =IF('1.PrepList'!P3="","",'1.PrepList'!P3) -> Passed | L172: =IF('1.PrepList'!Q3="","",'1.PrepList'!Q3) -> Passed | N172: =IF('1.PrepList'!S3="","",'1.PrepList'!S3) -> Confirmed on 8/26 she is still interested
B173: =IF('1.PrepList'!#REF!="","",'1.PrepList'!#REF!) -> #REF! | C173: =_xlfn.XLOOKUP(D173,'1.PrepList'!H:H,'1.PrepList'!G:G) -> #REF! | D173: =IF('1.PrepList'!#REF!="","",'1.PrepList'!#REF!) -> #REF! | E173: =IF('1.PrepList'!#REF!="","",'1.PrepList'!#REF!) -> #REF! | F173: =IF('1.PrepList'!#REF!="","",'1.PrepList'!#REF!) -> #REF! | G173: =IF('1.PrepList'!#REF!="","",'1.PrepList'!#REF!) -> #REF! | H173: =IF('1.PrepList'!#REF!="","",'1.PrepList'!#REF!) -> #REF! | I173: =IF('1.PrepList'!#REF!="","",'1.PrepList'!#REF!) -> #REF! | J173: =IF('1.PrepList'!#REF!="","",'1.PrepList'!#REF!) -> #REF! | L173: =IF('1.PrepList'!#REF!="","",'1.PrepList'!#REF!) -> #REF! | N173: =IF('1.PrepList'!#REF!="","",'1.PrepList'!#REF!) -> #REF!
B174: =IF('1.PrepList'!F4="","",'1.PrepList'!F4) -> Spanish | C174: =_xlfn.XLOOKUP(D174,'1.PrepList'!H:H,'1.PrepList'!G:G) -> #N/A | D174: =IF('1.PrepList'!I4="","",'1.PrepList'!I4) -> 148926496 | E174: =IF('1.PrepList'!J4="","",'1.PrepList'!J4) -> 8019185846 | F174: =IF('1.PrepList'!K4="","",'1.PrepList'!K4) -> B/D | G174: =IF('1.PrepList'!L4="","",'1.PrepList'!L4) -> Mechanical Assembly | H174: =IF('1.PrepList'!N4="","",'1.PrepList'!N4) -> CE | I174: =IF('1.PrepList'!O4="","",'1.PrepList'!O4) -> Passed | J174: =IF('1.PrepList'!P4="","",'1.PrepList'!P4) -> Passed | L174: =IF('1.PrepList'!Q4="","",'1.PrepList'!Q4) -> Passed | N174: =IF('1.PrepList'!S4="","",'1.PrepList'!S4) -> She stated she wont be in Utah for a few months?
B175: =IF('1.PrepList'!F5="","",'1.PrepList'!F5) -> Spanish | C175: =_xlfn.XLOOKUP(D175,'1.PrepList'!H:H,'1.PrepList'!G:G) -> #N/A | D175: =IF('1.PrepList'!I5="","",'1.PrepList'!I5) -> 198303055 | E175: =IF('1.PrepList'!J5="","",'1.PrepList'!J5) -> 3855410937 | F175: =IF('1.PrepList'!K5="","",'1.PrepList'!K5) -> B/D | G175: =IF('1.PrepList'!L5="","",'1.PrepList'!L5) -> Mechanical Assembly | H175: =IF('1.PrepList'!N5="","",'1.PrepList'!N5) -> CE | I175: =IF('1.PrepList'!O5="","",'1.PrepList'!O5) -> Passed | J175: =IF('1.PrepList'!P5="","",'1.PrepList'!P5) -> Passed | L175: =IF('1.PrepList'!Q5="","",'1.PrepList'!Q5) -> Passed | N175: =IF('1.PrepList'!S5="","",'1.PrepList'!S5) -> Confirmed on 8/26 she is still interested
B176: =IF('1.PrepList'!#REF!="","",'1.PrepList'!#REF!) -> #REF! | C176: =_xlfn.XLOOKUP(D176,'1.PrepList'!H:H,'1.PrepList'!G:G) -> #REF! | D176: =IF('1.PrepList'!#REF!="","",'1.PrepList'!#REF!) -> #REF! | E176: =IF('1.PrepList'!#REF!="","",'1.PrepList'!#REF!) -> #REF! | F176: =IF('1.PrepList'!#REF!="","",'1.PrepList'!#REF!) -> #REF! | G176: =IF('1.PrepList'!#REF!="","",'1.PrepList'!#REF!) -> #REF! | H176: =IF('1.PrepList'!#REF!="","",'1.PrepList'!#REF!) -> #REF! | I176: =IF('1.PrepList'!#REF!="","",'1.PrepList'!#REF!) -> #REF! | J176: =IF('1.PrepList'!#REF!="","",'1.PrepList'!#REF!) -> #REF! | L176: =IF('1.PrepList'!#REF!="","",'1.PrepList'!#REF!) -> #REF! | N176: =IF('1.PrepList'!#REF!="","",'1.PrepList'!#REF!) -> #REF!
B177: =IF('1.PrepList'!#REF!="","",'1.PrepList'!#REF!) -> #REF! | C177: =_xlfn.XLOOKUP(D177,'1.PrepList'!H:H,'1.PrepList'!G:G) -> #REF! | D177: =IF('1.PrepList'!#REF!="","",'1.PrepList'!#REF!) -> #REF! | E177: =IF('1.PrepList'!#REF!="","",'1.PrepList'!#REF!) -> #REF! | F177: =IF('1.PrepList'!#REF!="","",'1.PrepList'!#REF!) -> #REF! | G177: =IF('1.PrepList'!#REF!="","",'1.PrepList'!#REF!) -> #REF! | H177: =IF('1.PrepList'!#REF!="","",'1.PrepList'!#REF!) -> #REF! | I177: =IF('1.PrepList'!#REF!="","",'1.PrepList'!#REF!) -> #REF! | J177: =IF('1.PrepList'!#REF!="","",'1.PrepList'!#REF!) -> #REF! | L177: =IF('1.PrepList'!#REF!="","",'1.PrepList'!#REF!) -> #REF! | N177: =IF('1.PrepList'!#REF!="","",'1.PrepList'!#REF!) -> #REF!
B178: =IF('1.PrepList'!#REF!="","",'1.PrepList'!#REF!) -> #REF! | C178: =_xlfn.XLOOKUP(D178,'1.PrepList'!H:H,'1.PrepList'!G:G) -> #REF! | D178: =IF('1.PrepList'!#REF!="","",'1.PrepList'!#REF!) -> #REF! | E178: =IF('1.PrepList'!#REF!="","",'1.PrepList'!#REF!) -> #REF! | F178: =IF('1.PrepList'!#REF!="","",'1.PrepList'!#REF!) -> #REF! | G178: =IF('1.PrepList'!#REF!="","",'1.PrepList'!#REF!) -> #REF! | H178: =IF('1.PrepList'!#REF!="","",'1.PrepList'!#REF!) -> #REF! | I178: =IF('1.PrepList'!#REF!="","",'1.PrepList'!#REF!) -> #REF! | J178: =IF('1.PrepList'!#REF!="","",'1.PrepList'!#REF!) -> #REF! | L178: =IF('1.PrepList'!#REF!="","",'1.PrepList'!#REF!) -> #REF! | N178: =IF('1.PrepList'!#REF!="","",'1.PrepList'!#REF!) -> #REF!
B179: =IF('1.PrepList'!#REF!="","",'1.PrepList'!#REF!) -> #REF! | C179: =_xlfn.XLOOKUP(D179,'1.PrepList'!H:H,'1.PrepList'!G:G) -> #REF! | D179: =IF('1.PrepList'!#REF!="","",'1.PrepList'!#REF!) -> #REF! | E179: =IF('1.PrepList'!#REF!="","",'1.PrepList'!#REF!) -> #REF! | F179: =IF('1.PrepList'!#REF!="","",'1.PrepList'!#REF!) -> #REF! | G179: =IF('1.PrepList'!#REF!="","",'1.PrepList'!#REF!) -> #REF! | H179: =IF('1.PrepList'!#REF!="","",'1.PrepList'!#REF!) -> #REF! | I179: =IF('1.PrepList'!#REF!="","",'1.PrepList'!#REF!) -> #REF! | J179: =IF('1.PrepList'!#REF!="","",'1.PrepList'!#REF!) -> #REF! | L179: =IF('1.PrepList'!#REF!="","",'1.PrepList'!#REF!) -> #REF! | N179: =IF('1.PrepList'!#REF!="","",'1.PrepList'!#REF!) -> #REF!
B180: =IF('1.PrepList'!F6="","",'1.PrepList'!F6) -> Spanish | C180: =_xlfn.XLOOKUP(D180,'1.PrepList'!H:H,'1.PrepList'!G:G) -> #N/A | D180: =IF('1.PrepList'!I6="","",'1.PrepList'!I6) -> 198318924 | E180: =IF('1.PrepList'!J6="","",'1.PrepList'!J6) -> 4357141187 | F180: =IF('1.PrepList'!K6="","",'1.PrepList'!K6) -> B/D | G180: =IF('1.PrepList'!L6="","",'1.PrepList'!L6) -> Mechanical Assembly | H180: =IF('1.PrepList'!N6="","",'1.PrepList'!N6) -> CE | I180: =IF('1.PrepList'!O6="","",'1.PrepList'!O6) -> Passed | J180: =IF('1.PrepList'!P6="","",'1.PrepList'!P6) -> Passed | L180: =IF('1.PrepList'!Q6="","",'1.PrepList'!Q6) -> Passed | N180: =IF('1.PrepList'!S6="","",'1.PrepList'!S6)
B181: =IF('1.PrepList'!F7="","",'1.PrepList'!F7) -> Spanish | C181: =_xlfn.XLOOKUP(D181,'1.PrepList'!H:H,'1.PrepList'!G:G) -> #N/A | D181: =IF('1.PrepList'!I7="","",'1.PrepList'!I7) -> 198237668 | E181: =IF('1.PrepList'!J7="","",'1.PrepList'!J7) -> 3854883070 | F181: =IF('1.PrepList'!K7="","",'1.PrepList'!K7) -> A/C | G181: =IF('1.PrepList'!L7="","",'1.PrepList'!L7) -> Mechanical Assembly | H181: =IF('1.PrepList'!N7="","",'1.PrepList'!N7) -> NM | I181: =IF('1.PrepList'!O7="","",'1.PrepList'!O7) -> Passed | J181: =IF('1.PrepList'!P7="","",'1.PrepList'!P7) -> Passed | L181: =IF('1.PrepList'!Q7="","",'1.PrepList'!Q7) -> Passed | N181: =IF('1.PrepList'!S7="","",'1.PrepList'!S7)
B182: =IF('1.PrepList'!F8="","",'1.PrepList'!F8) -> Spanish | C182: =_xlfn.XLOOKUP(D182,'1.PrepList'!H:H,'1.PrepList'!G:G) -> #N/A | D182: =IF('1.PrepList'!I8="","",'1.PrepList'!I8) -> 186325204 | E182: =IF('1.PrepList'!J8="","",'1.PrepList'!J8) -> 8015094766 | F182: =IF('1.PrepList'!K8="","",'1.PrepList'!K8) -> A/C | G182: =IF('1.PrepList'!L8="","",'1.PrepList'!L8) -> Mechanical Assembly | H182: =IF('1.PrepList'!N8="","",'1.PrepList'!N8) -> BL | I182: =IF('1.PrepList'!O8="","",'1.PrepList'!O8) -> Passed | J182: =IF('1.PrepList'!P8="","",'1.PrepList'!P8) -> Passed | L182: =IF('1.PrepList'!Q8="","",'1.PrepList'!Q8) -> Passed | N182: =IF('1.PrepList'!S8="","",'1.PrepList'!S8)
B183: =IF('1.PrepList'!#REF!="","",'1.PrepList'!#REF!) -> #REF! | C183: =_xlfn.XLOOKUP(D183,'1.PrepList'!H:H,'1.PrepList'!G:G) -> #REF! | D183: =IF('1.PrepList'!#REF!="","",'1.PrepList'!#REF!) -> #REF! | E183: =IF('1.PrepList'!#REF!="","",'1.PrepList'!#REF!) -> #REF! | F183: =IF('1.PrepList'!#REF!="","",'1.PrepList'!#REF!) -> #REF! | G183: =IF('1.PrepList'!#REF!="","",'1.PrepList'!#REF!) -> #REF! | H183: =IF('1.PrepList'!#REF!="","",'1.PrepList'!#REF!) -> #REF! | I183: =IF('1.PrepList'!#REF!="","",'1.PrepList'!#REF!) -> #REF! | J183: =IF('1.PrepList'!#REF!="","",'1.PrepList'!#REF!) -> #REF! | L183: =IF('1.PrepList'!#REF!="","",'1.PrepList'!#REF!) -> #REF! | N183: =IF('1.PrepList'!#REF!="","",'1.PrepList'!#REF!) -> #REF!
B184: =IF('1.PrepList'!#REF!="","",'1.PrepList'!#REF!) -> #REF! | C184: =_xlfn.XLOOKUP(D184,'1.PrepList'!H:H,'1.PrepList'!G:G) -> #REF! | D184: =IF('1.PrepList'!#REF!="","",'1.PrepList'!#REF!) -> #REF! | E184: =IF('1.PrepList'!#REF!="","",'1.PrepList'!#REF!) -> #REF! | F184: =IF('1.PrepList'!#REF!="","",'1.PrepList'!#REF!) -> #REF! | G184: =IF('1.PrepList'!#REF!="","",'1.PrepList'!#REF!) -> #REF! | H184: =IF('1.PrepList'!#REF!="","",'1.PrepList'!#REF!) -> #REF! | I184: =IF('1.PrepList'!#REF!="","",'1.PrepList'!#REF!) -> #REF! | J184: =IF('1.PrepList'!#REF!="","",'1.PrepList'!#REF!) -> #REF! | L184: =IF('1.PrepList'!#REF!="","",'1.PrepList'!#REF!) -> #REF! | N184: =IF('1.PrepList'!#REF!="","",'1.PrepList'!#REF!) -> #REF!
B185: =IF('1.PrepList'!#REF!="","",'1.PrepList'!#REF!) -> #REF! | C185: =_xlfn.XLOOKUP(D185,'1.PrepList'!H:H,'1.PrepList'!G:G) -> #REF! | D185: =IF('1.PrepList'!#REF!="","",'1.PrepList'!#REF!) -> #REF! | E185: =IF('1.PrepList'!#REF!="","",'1.PrepList'!#REF!) -> #REF! | F185: =IF('1.PrepList'!#REF!="","",'1.PrepList'!#REF!) -> #REF! | G185: =IF('1.PrepList'!#REF!="","",'1.PrepList'!#REF!) -> #REF! | H185: =IF('1.PrepList'!N9="","",'1.PrepList'!N9) -> BL | I185: =IF('1.PrepList'!O9="","",'1.PrepList'!O9) -> Passed | J185: =IF('1.PrepList'!P9="","",'1.PrepList'!P9) -> Passed | L185: =IF('1.PrepList'!#REF!="","",'1.PrepList'!#REF!) -> #REF! | N185: =IF('1.PrepList'!#REF!="","",'1.PrepList'!#REF!) -> #REF!
B186: =IF('1.PrepList'!F9="","",'1.PrepList'!F9) -> Spanish | C186: =_xlfn.XLOOKUP(D186,'1.PrepList'!H:H,'1.PrepList'!G:G) -> #N/A | D186: =IF('1.PrepList'!I9="","",'1.PrepList'!I9) -> 185565315 | E186: =IF('1.PrepList'!J9="","",'1.PrepList'!J9) -> 3855907316 | F186: =IF('1.PrepList'!K9="","",'1.PrepList'!K9) -> A/C | G186: =IF('1.PrepList'!L9="","",'1.PrepList'!L9) -> Mechanical Assembly | H186: =IF('1.PrepList'!#REF!="","",'1.PrepList'!#REF!) -> #REF! | I186: =IF('1.PrepList'!#REF!="","",'1.PrepList'!#REF!) -> #REF! | J186: =IF('1.PrepList'!#REF!="","",'1.PrepList'!#REF!) -> #REF! | L186: =IF('1.PrepList'!Q9="","",'1.PrepList'!Q9) -> Passed | N186: =IF('1.PrepList'!S9="","",'1.PrepList'!S9)
B187: =IF('1.PrepList'!#REF!="","",'1.PrepList'!#REF!) -> #REF! | C187: =_xlfn.XLOOKUP(D187,'1.PrepList'!H:H,'1.PrepList'!G:G) -> #REF! | D187: =IF('1.PrepList'!#REF!="","",'1.PrepList'!#REF!) -> #REF! | E187: =IF('1.PrepList'!#REF!="","",'1.PrepList'!#REF!) -> #REF! | F187: =IF('1.PrepList'!#REF!="","",'1.PrepList'!#REF!) -> #REF! | G187: =IF('1.PrepList'!#REF!="","",'1.PrepList'!#REF!) -> #REF! | H187: =IF('1.PrepList'!#REF!="","",'1.PrepList'!#REF!) -> #REF! | I187: =IF('1.PrepList'!#REF!="","",'1.PrepList'!#REF!) -> #REF! | J187: =IF('1.PrepList'!#REF!="","",'1.PrepList'!#REF!) -> #REF! | L187: =IF('1.PrepList'!#REF!="","",'1.PrepList'!#REF!) -> #REF! | N187: =IF('1.PrepList'!#REF!="","",'1.PrepList'!#REF!) -> #REF!
B188: =IF('1.PrepList'!#REF!="","",'1.PrepList'!#REF!) -> #REF! | C188: =_xlfn.XLOOKUP(D188,'1.PrepList'!H:H,'1.PrepList'!G:G) -> #REF! | D188: =IF('1.PrepList'!#REF!="","",'1.PrepList'!#REF!) -> #REF! | E188: =IF('1.PrepList'!#REF!="","",'1.PrepList'!#REF!) -> #REF! | F188: =IF('1.PrepList'!#REF!="","",'1.PrepList'!#REF!) -> #REF! | G188: =IF('1.PrepList'!#REF!="","",'1.PrepList'!#REF!) -> #REF! | H188: =IF('1.PrepList'!#REF!="","",'1.PrepList'!#REF!) -> #REF! | I188: =IF('1.PrepList'!#REF!="","",'1.PrepList'!#REF!) -> #REF! | J188: =IF('1.PrepList'!#REF!="","",'1.PrepList'!#REF!) -> #REF! | L188: =IF('1.PrepList'!#REF!="","",'1.PrepList'!#REF!) -> #REF! | N188: =IF('1.PrepList'!#REF!="","",'1.PrepList'!#REF!) -> #REF!
B189: =IF('1.PrepList'!#REF!="","",'1.PrepList'!#REF!) -> #REF! | C189: =_xlfn.XLOOKUP(D189,'1.PrepList'!H:H,'1.PrepList'!G:G) -> #REF! | D189: =IF('1.PrepList'!#REF!="","",'1.PrepList'!#REF!) -> #REF! | E189: =IF('1.PrepList'!#REF!="","",'1.PrepList'!#REF!) -> #REF! | F189: =IF('1.PrepList'!#REF!="","",'1.PrepList'!#REF!) -> #REF! | G189: =IF('1.PrepList'!#REF!="","",'1.PrepList'!#REF!) -> #REF! | H189: =IF('1.PrepList'!#REF!="","",'1.PrepList'!#REF!) -> #REF! | I189: =IF('1.PrepList'!#REF!="","",'1.PrepList'!#REF!) -> #REF! | J189: =IF('1.PrepList'!#REF!="","",'1.PrepList'!#REF!) -> #REF! | L189: =IF('1.PrepList'!#REF!="","",'1.PrepList'!#REF!) -> #REF! | N189: =IF('1.PrepList'!#REF!="","",'1.PrepList'!#REF!) -> #REF!
B190: =IF('1.PrepList'!#REF!="","",'1.PrepList'!#REF!) -> #REF! | C190: =_xlfn.XLOOKUP(D190,'1.PrepList'!H:H,'1.PrepList'!G:G) -> #REF! | D190: =IF('1.PrepList'!#REF!="","",'1.PrepList'!#REF!) -> #REF! | E190: =IF('1.PrepList'!#REF!="","",'1.PrepList'!#REF!) -> #REF! | F190: =IF('1.PrepList'!#REF!="","",'1.PrepList'!#REF!) -> #REF! | G190: =IF('1.PrepList'!#REF!="","",'1.PrepList'!#REF!) -> #REF! | H190: =IF('1.PrepList'!#REF!="","",'1.PrepList'!#REF!) -> #REF! | I190: =IF('1.PrepList'!#REF!="","",'1.PrepList'!#REF!) -> #REF! | J190: =IF('1.PrepList'!#REF!="","",'1.PrepList'!#REF!) -> #REF! | L190: =IF('1.PrepList'!#REF!="","",'1.PrepList'!#REF!) -> #REF! | N190: =IF('1.PrepList'!#REF!="","",'1.PrepList'!#REF!) -> #REF!
B191: =IF('1.PrepList'!#REF!="","",'1.PrepList'!#REF!) -> #REF! | C191: =_xlfn.XLOOKUP(D191,'1.PrepList'!H:H,'1.PrepList'!G:G) -> #REF! | D191: =IF('1.PrepList'!#REF!="","",'1.PrepList'!#REF!) -> #REF! | E191: =IF('1.PrepList'!#REF!="","",'1.PrepList'!#REF!) -> #REF! | F191: =IF('1.PrepList'!#REF!="","",'1.PrepList'!#REF!) -> #REF! | G191: =IF('1.PrepList'!#REF!="","",'1.PrepList'!#REF!) -> #REF! | H191: =IF('1.PrepList'!#REF!="","",'1.PrepList'!#REF!) -> #REF! | I191: =IF('1.PrepList'!#REF!="","",'1.PrepList'!#REF!) -> #REF! | J191: =IF('1.PrepList'!#REF!="","",'1.PrepList'!#REF!) -> #REF! | L191: =IF('1.PrepList'!#REF!="","",'1.PrepList'!#REF!) -> #REF! | N191: =IF('1.PrepList'!#REF!="","",'1.PrepList'!#REF!) -> #REF!
B192: =IF('1.PrepList'!#REF!="","",'1.PrepList'!#REF!) -> #REF! | C192: =_xlfn.XLOOKUP(D192,'1.PrepList'!H:H,'1.PrepList'!G:G) -> #REF! | D192: =IF('1.PrepList'!#REF!="","",'1.PrepList'!#REF!) -> #REF! | E192: =IF('1.PrepList'!#REF!="","",'1.PrepList'!#REF!) -> #REF! | F192: =IF('1.PrepList'!#REF!="","",'1.PrepList'!#REF!) -> #REF! | G192: =IF('1.PrepList'!#REF!="","",'1.PrepList'!#REF!) -> #REF! | H192: =IF('1.PrepList'!#REF!="","",'1.PrepList'!#REF!) -> #REF! | I192: =IF('1.PrepList'!#REF!="","",'1.PrepList'!#REF!) -> #REF! | J192: =IF('1.PrepList'!#REF!="","",'1.PrepList'!#REF!) -> #REF! | L192: =IF('1.PrepList'!#REF!="","",'1.PrepList'!#REF!) -> #REF! | N192: =IF('1.PrepList'!#REF!="","",'1.PrepList'!#REF!) -> #REF!
B193: =IF('1.PrepList'!#REF!="","",'1.PrepList'!#REF!) -> #REF! | C193: =_xlfn.XLOOKUP(D193,'1.PrepList'!H:H,'1.PrepList'!G:G) -> #REF! | D193: =IF('1.PrepList'!#REF!="","",'1.PrepList'!#REF!) -> #REF! | E193: =IF('1.PrepList'!#REF!="","",'1.PrepList'!#REF!) -> #REF! | F193: =IF('1.PrepList'!#REF!="","",'1.PrepList'!#REF!) -> #REF! | G193: =IF('1.PrepList'!#REF!="","",'1.PrepList'!#REF!) -> #REF! | H193: =IF('1.PrepList'!#REF!="","",'1.PrepList'!#REF!) -> #REF! | I193: =IF('1.PrepList'!#REF!="","",'1.PrepList'!#REF!) -> #REF! | J193: =IF('1.PrepList'!#REF!="","",'1.PrepList'!#REF!) -> #REF! | L193: =IF('1.PrepList'!#REF!="","",'1.PrepList'!#REF!) -> #REF! | N193: =IF('1.PrepList'!#REF!="","",'1.PrepList'!#REF!) -> #REF!
B194: =IF('1.PrepList'!#REF!="","",'1.PrepList'!#REF!) -> #REF! | C194: =_xlfn.XLOOKUP(D194,'1.PrepList'!H:H,'1.PrepList'!G:G) -> #REF! | D194: =IF('1.PrepList'!#REF!="","",'1.PrepList'!#REF!) -> #REF! | E194: =IF('1.PrepList'!#REF!="","",'1.PrepList'!#REF!) -> #REF! | F194: =IF('1.PrepList'!#REF!="","",'1.PrepList'!#REF!) -> #REF! | G194: =IF('1.PrepList'!#REF!="","",'1.PrepList'!#REF!) -> #REF! | H194: =IF('1.PrepList'!N10="","",'1.PrepList'!N10) -> NM | I194: =IF('1.PrepList'!O10="","",'1.PrepList'!O10) -> Passed | J194: =IF('1.PrepList'!P10="","",'1.PrepList'!P10) -> Passed | L194: =IF('1.PrepList'!#REF!="","",'1.PrepList'!#REF!) -> #REF! | N194: =IF('1.PrepList'!#REF!="","",'1.PrepList'!#REF!) -> #REF!
B195: =IF('1.PrepList'!#REF!="","",'1.PrepList'!#REF!) -> #REF! | C195: =_xlfn.XLOOKUP(D195,'1.PrepList'!H:H,'1.PrepList'!G:G) -> #REF! | D195: =IF('1.PrepList'!#REF!="","",'1.PrepList'!#REF!) -> #REF! | E195: =IF('1.PrepList'!#REF!="","",'1.PrepList'!#REF!) -> #REF! | F195: =IF('1.PrepList'!#REF!="","",'1.PrepList'!#REF!) -> #REF! | G195: =IF('1.PrepList'!#REF!="","",'1.PrepList'!#REF!) -> #REF! | H195: =IF('1.PrepList'!#REF!="","",'1.PrepList'!#REF!) -> #REF! | I195: =IF('1.PrepList'!#REF!="","",'1.PrepList'!#REF!) -> #REF! | J195: =IF('1.PrepList'!#REF!="","",'1.PrepList'!#REF!) -> #REF! | L195: =IF('1.PrepList'!#REF!="","",'1.PrepList'!#REF!) -> #REF! | N195: =IF('1.PrepList'!#REF!="","",'1.PrepList'!#REF!) -> #REF!
B196: =IF('1.PrepList'!F10="","",'1.PrepList'!F10) -> Spanish | C196: =_xlfn.XLOOKUP(D196,'1.PrepList'!H:H,'1.PrepList'!G:G) -> #N/A | D196: =IF('1.PrepList'!I10="","",'1.PrepList'!I10) -> 177626645 | E196: =IF('1.PrepList'!J10="","",'1.PrepList'!J10) -> 3322563395 | F196: =IF('1.PrepList'!K10="","",'1.PrepList'!K10) -> B/D | G196: =IF('1.PrepList'!L10="","",'1.PrepList'!L10) -> Mechanical Assembly | H196: =IF('1.PrepList'!N11="","",'1.PrepList'!N11) -> DR | I196: =IF('1.PrepList'!O11="","",'1.PrepList'!O11) -> Passed | J196: =IF('1.PrepList'!P11="","",'1.PrepList'!P11) -> Passed | L196: =IF('1.PrepList'!Q10="","",'1.PrepList'!Q10) -> Passed | N196: =IF('1.PrepList'!S10="","",'1.PrepList'!S10) -> Confirmed on 8/26 she is still interested
B197: =IF('1.PrepList'!#REF!="","",'1.PrepList'!#REF!) -> #REF! | C197: =_xlfn.XLOOKUP(D197,'1.PrepList'!H:H,'1.PrepList'!G:G) -> #REF! | D197: =IF('1.PrepList'!#REF!="","",'1.PrepList'!#REF!) -> #REF! | E197: =IF('1.PrepList'!#REF!="","",'1.PrepList'!#REF!) -> #REF! | F197: =IF('1.PrepList'!#REF!="","",'1.PrepList'!#REF!) -> #REF! | G197: =IF('1.PrepList'!#REF!="","",'1.PrepList'!#REF!) -> #REF! | H197: =IF('1.PrepList'!N12="","",'1.PrepList'!N12) -> CE | I197: =IF('1.PrepList'!O12="","",'1.PrepList'!O12) -> Passed | J197: =IF('1.PrepList'!P12="","",'1.PrepList'!P12) -> Passed | L197: =IF('1.PrepList'!#REF!="","",'1.PrepList'!#REF!) -> #REF! | N197: =IF('1.PrepList'!#REF!="","",'1.PrepList'!#REF!) -> #REF!
B198: =IF('1.PrepList'!#REF!="","",'1.PrepList'!#REF!) -> #REF! | C198: =_xlfn.XLOOKUP(D198,'1.PrepList'!H:H,'1.PrepList'!G:G) -> #REF! | D198: =IF('1.PrepList'!#REF!="","",'1.PrepList'!#REF!) -> #REF! | E198: =IF('1.PrepList'!#REF!="","",'1.PrepList'!#REF!) -> #REF! | F198: =IF('1.PrepList'!#REF!="","",'1.PrepList'!#REF!) -> #REF! | G198: =IF('1.PrepList'!#REF!="","",'1.PrepList'!#REF!) -> #REF! | H198: =IF('1.PrepList'!#REF!="","",'1.PrepList'!#REF!) -> #REF! | I198: =IF('1.PrepList'!#REF!="","",'1.PrepList'!#REF!) -> #REF! | J198: =IF('1.PrepList'!#REF!="","",'1.PrepList'!#REF!) -> #REF! | L198: =IF('1.PrepList'!#REF!="","",'1.PrepList'!#REF!) -> #REF! | N198: =IF('1.PrepList'!#REF!="","",'1.PrepList'!#REF!) -> #REF!
B199: =IF('1.PrepList'!F11="","",'1.PrepList'!F11) -> Spanish | C199: =_xlfn.XLOOKUP(D199,'1.PrepList'!H:H,'1.PrepList'!G:G) -> #N/A | D199: =IF('1.PrepList'!I11="","",'1.PrepList'!I11) -> 182934778 | E199: =IF('1.PrepList'!J11="","",'1.PrepList'!J11) -> 4352007063 | F199: =IF('1.PrepList'!K11="","",'1.PrepList'!K11) -> A/C | G199: =IF('1.PrepList'!L11="","",'1.PrepList'!L11) -> Mechanical Assembly | H199: =IF('1.PrepList'!#REF!="","",'1.PrepList'!#REF!) -> #REF! | I199: =IF('1.PrepList'!#REF!="","",'1.PrepList'!#REF!) -> #REF! | J199: =IF('1.PrepList'!#REF!="","",'1.PrepList'!#REF!) -> #REF! | L199: =IF('1.PrepList'!Q11="","",'1.PrepList'!Q11) -> Passed | N199: =IF('1.PrepList'!S11="","",'1.PrepList'!S11)
B200: =IF('1.PrepList'!F12="","",'1.PrepList'!F12) -> Spanish | C200: =_xlfn.XLOOKUP(D200,'1.PrepList'!H:H,'1.PrepList'!G:G) -> #N/A | D200: =IF('1.PrepList'!I12="","",'1.PrepList'!I12) -> 198304520 | E200: =IF('1.PrepList'!J12="","",'1.PrepList'!J12) -> 3852674145 | F200: =IF('1.PrepList'!K12="","",'1.PrepList'!K12) -> A/C | G200: =IF('1.PrepList'!L12="","",'1.PrepList'!L12) -> Mechanical Assembly | H200: =IF('1.PrepList'!N13="","",'1.PrepList'!N13) -> CE | I200: =IF('1.PrepList'!O13="","",'1.PrepList'!O13) -> Passed | J200: =IF('1.PrepList'!P13="","",'1.PrepList'!P13) -> Passed | L200: =IF('1.PrepList'!Q12="","",'1.PrepList'!Q12) -> Passed | N200: =IF('1.PrepList'!S12="","",'1.PrepList'!S12)
B201: =IF('1.PrepList'!#REF!="","",'1.PrepList'!#REF!) -> #REF! | C201: =_xlfn.XLOOKUP(D201,'1.PrepList'!H:H,'1.PrepList'!G:G) -> #REF! | D201: =IF('1.PrepList'!#REF!="","",'1.PrepList'!#REF!) -> #REF! | E201: =IF('1.PrepList'!#REF!="","",'1.PrepList'!#REF!) -> #REF! | F201: =IF('1.PrepList'!#REF!="","",'1.PrepList'!#REF!) -> #REF! | G201: =IF('1.PrepList'!#REF!="","",'1.PrepList'!#REF!) -> #REF! | H201: =IF('1.PrepList'!#REF!="","",'1.PrepList'!#REF!) -> #REF! | I201: =IF('1.PrepList'!#REF!="","",'1.PrepList'!#REF!) -> #REF! | J201: =IF('1.PrepList'!#REF!="","",'1.PrepList'!#REF!) -> #REF! | L201: =IF('1.PrepList'!#REF!="","",'1.PrepList'!#REF!) -> #REF! | N201: =IF('1.PrepList'!#REF!="","",'1.PrepList'!#REF!) -> #REF!
B202: =IF('1.PrepList'!#REF!="","",'1.PrepList'!#REF!) -> #REF! | C202: =_xlfn.XLOOKUP(D202,'1.PrepList'!H:H,'1.PrepList'!G:G) -> #REF! | D202: =IF('1.PrepList'!#REF!="","",'1.PrepList'!#REF!) -> #REF! | E202: =IF('1.PrepList'!#REF!="","",'1.PrepList'!#REF!) -> #REF! | F202: =IF('1.PrepList'!#REF!="","",'1.PrepList'!#REF!) -> #REF! | G202: =IF('1.PrepList'!#REF!="","",'1.PrepList'!#REF!) -> #REF! | H202: =IF('1.PrepList'!#REF!="","",'1.PrepList'!#REF!) -> #REF! | I202: =IF('1.PrepList'!#REF!="","",'1.PrepList'!#REF!) -> #REF! | J202: =IF('1.PrepList'!#REF!="","",'1.PrepList'!#REF!) -> #REF! | L202: =IF('1.PrepList'!#REF!="","",'1.PrepList'!#REF!) -> #REF! | N202: =IF('1.PrepList'!#REF!="","",'1.PrepList'!#REF!) -> #REF!
B203: =IF('1.PrepList'!F13="","",'1.PrepList'!F13) -> Spanish | C203: =_xlfn.XLOOKUP(D203,'1.PrepList'!H:H,'1.PrepList'!G:G) -> #N/A | D203: =IF('1.PrepList'!I13="","",'1.PrepList'!I13) -> 198457422 | E203: =IF('1.PrepList'!J13="","",'1.PrepList'!J13) -> 5517991219 | F203: =IF('1.PrepList'!K13="","",'1.PrepList'!K13) -> B/D | G203: =IF('1.PrepList'!L13="","",'1.PrepList'!L13) -> Mechanical Assembly | H203: =IF('1.PrepList'!#REF!="","",'1.PrepList'!#REF!) -> #REF! | I203: =IF('1.PrepList'!#REF!="","",'1.PrepList'!#REF!) -> #REF! | J203: =IF('1.PrepList'!#REF!="","",'1.PrepList'!#REF!) -> #REF! | L203: =IF('1.PrepList'!Q13="","",'1.PrepList'!Q13) -> Passed | N203: =IF('1.PrepList'!S13="","",'1.PrepList'!S13)
B204: =IF('1.PrepList'!#REF!="","",'1.PrepList'!#REF!) -> #REF! | C204: =_xlfn.XLOOKUP(D204,'1.PrepList'!H:H,'1.PrepList'!G:G) -> #REF! | D204: =IF('1.PrepList'!#REF!="","",'1.PrepList'!#REF!) -> #REF! | E204: =IF('1.PrepList'!#REF!="","",'1.PrepList'!#REF!) -> #REF! | F204: =IF('1.PrepList'!#REF!="","",'1.PrepList'!#REF!) -> #REF! | G204: =IF('1.PrepList'!#REF!="","",'1.PrepList'!#REF!) -> #REF! | H204: =IF('1.PrepList'!#REF!="","",'1.PrepList'!#REF!) -> #REF! | I204: =IF('1.PrepList'!#REF!="","",'1.PrepList'!#REF!) -> #REF! | J204: =IF('1.PrepList'!#REF!="","",'1.PrepList'!#REF!) -> #REF! | L204: =IF('1.PrepList'!#REF!="","",'1.PrepList'!#REF!) -> #REF! | N204: =IF('1.PrepList'!#REF!="","",'1.PrepList'!#REF!) -> #REF!
B205: =IF('1.PrepList'!#REF!="","",'1.PrepList'!#REF!) -> #REF! | C205: =_xlfn.XLOOKUP(D205,'1.PrepList'!H:H,'1.PrepList'!G:G) -> #REF! | D205: =IF('1.PrepList'!#REF!="","",'1.PrepList'!#REF!) -> #REF! | E205: =IF('1.PrepList'!#REF!="","",'1.PrepList'!#REF!) -> #REF! | F205: =IF('1.PrepList'!#REF!="","",'1.PrepList'!#REF!) -> #REF! | G205: =IF('1.PrepList'!#REF!="","",'1.PrepList'!#REF!) -> #REF! | H205: =IF('1.PrepList'!#REF!="","",'1.PrepList'!#REF!) -> #REF! | I205: =IF('1.PrepList'!#REF!="","",'1.PrepList'!#REF!) -> #REF! | J205: =IF('1.PrepList'!#REF!="","",'1.PrepList'!#REF!) -> #REF! | L205: =IF('1.PrepList'!#REF!="","",'1.PrepList'!#REF!) -> #REF! | N205: =IF('1.PrepList'!#REF!="","",'1.PrepList'!#REF!) -> #REF!
B206: =IF('1.PrepList'!#REF!="","",'1.PrepList'!#REF!) -> #REF! | C206: =_xlfn.XLOOKUP(D206,'1.PrepList'!H:H,'1.PrepList'!G:G) -> #REF! | D206: =IF('1.PrepList'!#REF!="","",'1.PrepList'!#REF!) -> #REF! | E206: =IF('1.PrepList'!#REF!="","",'1.PrepList'!#REF!) -> #REF! | F206: =IF('1.PrepList'!#REF!="","",'1.PrepList'!#REF!) -> #REF! | G206: =IF('1.PrepList'!#REF!="","",'1.PrepList'!#REF!) -> #REF! | H206: =IF('1.PrepList'!#REF!="","",'1.PrepList'!#REF!) -> #REF! | I206: =IF('1.PrepList'!#REF!="","",'1.PrepList'!#REF!) -> #REF! | J206: =IF('1.PrepList'!#REF!="","",'1.PrepList'!#REF!) -> #REF! | L206: =IF('1.PrepList'!#REF!="","",'1.PrepList'!#REF!) -> #REF! | N206: =IF('1.PrepList'!#REF!="","",'1.PrepList'!#REF!) -> #REF!
B207: =IF('1.PrepList'!#REF!="","",'1.PrepList'!#REF!) -> #REF! | C207: =_xlfn.XLOOKUP(D207,'1.PrepList'!H:H,'1.PrepList'!G:G) -> #REF! | D207: =IF('1.PrepList'!#REF!="","",'1.PrepList'!#REF!) -> #REF! | E207: =IF('1.PrepList'!#REF!="","",'1.PrepList'!#REF!) -> #REF! | F207: =IF('1.PrepList'!#REF!="","",'1.PrepList'!#REF!) -> #REF! | G207: =IF('1.PrepList'!#REF!="","",'1.PrepList'!#REF!) -> #REF! | H207: =IF('1.PrepList'!#REF!="","",'1.PrepList'!#REF!) -> #REF! | I207: =IF('1.PrepList'!#REF!="","",'1.PrepList'!#REF!) -> #REF! | J207: =IF('1.PrepList'!#REF!="","",'1.PrepList'!#REF!) -> #REF! | L207: =IF('1.PrepList'!#REF!="","",'1.PrepList'!#REF!) -> #REF! | N207: =IF('1.PrepList'!#REF!="","",'1.PrepList'!#REF!) -> #REF!
B208: =IF('1.PrepList'!#REF!="","",'1.PrepList'!#REF!) -> #REF! | C208: =_xlfn.XLOOKUP(D208,'1.PrepList'!H:H,'1.PrepList'!G:G) -> #REF! | D208: =IF('1.PrepList'!#REF!="","",'1.PrepList'!#REF!) -> #REF! | E208: =IF('1.PrepList'!#REF!="","",'1.PrepList'!#REF!) -> #REF! | F208: =IF('1.PrepList'!#REF!="","",'1.PrepList'!#REF!) -> #REF! | G208: =IF('1.PrepList'!#REF!="","",'1.PrepList'!#REF!) -> #REF! | H208: =IF('1.PrepList'!N14="","",'1.PrepList'!N14) -> NM | I208: =IF('1.PrepList'!O14="","",'1.PrepList'!O14) -> Passed | J208: =IF('1.PrepList'!P14="","",'1.PrepList'!P14) -> Passed | L208: =IF('1.PrepList'!#REF!="","",'1.PrepList'!#REF!) -> #REF! | N208: =IF('1.PrepList'!#REF!="","",'1.PrepList'!#REF!) -> #REF!
B209: =IF('1.PrepList'!#REF!="","",'1.PrepList'!#REF!) -> #REF! | C209: =_xlfn.XLOOKUP(D209,'1.PrepList'!H:H,'1.PrepList'!G:G) -> #REF! | D209: =IF('1.PrepList'!#REF!="","",'1.PrepList'!#REF!) -> #REF! | E209: =IF('1.PrepList'!#REF!="","",'1.PrepList'!#REF!) -> #REF! | F209: =IF('1.PrepList'!#REF!="","",'1.PrepList'!#REF!) -> #REF! | G209: =IF('1.PrepList'!#REF!="","",'1.PrepList'!#REF!) -> #REF! | H209: =IF('1.PrepList'!#REF!="","",'1.PrepList'!#REF!) -> #REF! | I209: =IF('1.PrepList'!#REF!="","",'1.PrepList'!#REF!) -> #REF! | J209: =IF('1.PrepList'!#REF!="","",'1.PrepList'!#REF!) -> #REF! | L209: =IF('1.PrepList'!#REF!="","",'1.PrepList'!#REF!) -> #REF! | N209: =IF('1.PrepList'!#REF!="","",'1.PrepList'!#REF!) -> #REF!
B210: =IF('1.PrepList'!#REF!="","",'1.PrepList'!#REF!) -> #REF! | C210: =_xlfn.XLOOKUP(D210,'1.PrepList'!H:H,'1.PrepList'!G:G) -> #REF! | D210: =IF('1.PrepList'!#REF!="","",'1.PrepList'!#REF!) -> #REF! | E210: =IF('1.PrepList'!#REF!="","",'1.PrepList'!#REF!) -> #REF! | F210: =IF('1.PrepList'!#REF!="","",'1.PrepList'!#REF!) -> #REF! | G210: =IF('1.PrepList'!#REF!="","",'1.PrepList'!#REF!) -> #REF! | H210: =IF('1.PrepList'!#REF!="","",'1.PrepList'!#REF!) -> #REF! | I210: =IF('1.PrepList'!#REF!="","",'1.PrepList'!#REF!) -> #REF! | J210: =IF('1.PrepList'!#REF!="","",'1.PrepList'!#REF!) -> #REF! | L210: =IF('1.PrepList'!#REF!="","",'1.PrepList'!#REF!) -> #REF! | N210: =IF('1.PrepList'!#REF!="","",'1.PrepList'!#REF!) -> #REF!
B211: =IF('1.PrepList'!#REF!="","",'1.PrepList'!#REF!) -> #REF! | C211: =_xlfn.XLOOKUP(D211,'1.PrepList'!H:H,'1.PrepList'!G:G) -> #REF! | D211: =IF('1.PrepList'!#REF!="","",'1.PrepList'!#REF!) -> #REF! | E211: =IF('1.PrepList'!#REF!="","",'1.PrepList'!#REF!) -> #REF! | F211: =IF('1.PrepList'!#REF!="","",'1.PrepList'!#REF!) -> #REF! | G211: =IF('1.PrepList'!#REF!="","",'1.PrepList'!#REF!) -> #REF! | H211: =IF('1.PrepList'!#REF!="","",'1.PrepList'!#REF!) -> #REF! | I211: =IF('1.PrepList'!#REF!="","",'1.PrepList'!#REF!) -> #REF! | J211: =IF('1.PrepList'!#REF!="","",'1.PrepList'!#REF!) -> #REF! | L211: =IF('1.PrepList'!#REF!="","",'1.PrepList'!#REF!) -> #REF! | N211: =IF('1.PrepList'!#REF!="","",'1.PrepList'!#REF!) -> #REF!
B212: =IF('1.PrepList'!F14="","",'1.PrepList'!F14) -> Spanish | C212: =_xlfn.XLOOKUP(D212,'1.PrepList'!H:H,'1.PrepList'!G:G) -> #N/A | D212: =IF('1.PrepList'!I14="","",'1.PrepList'!I14) -> 176593378 | E212: =IF('1.PrepList'!J14="","",'1.PrepList'!J14) -> 3855894411 | F212: =IF('1.PrepList'!K14="","",'1.PrepList'!K14) -> A/C | G212: =IF('1.PrepList'!L14="","",'1.PrepList'!L14) -> Mechanical Assembly | H212: =IF('1.PrepList'!#REF!="","",'1.PrepList'!#REF!) -> #REF! | I212: =IF('1.PrepList'!#REF!="","",'1.PrepList'!#REF!) -> #REF! | J212: =IF('1.PrepList'!#REF!="","",'1.PrepList'!#REF!) -> #REF! | L212: =IF('1.PrepList'!Q14="","",'1.PrepList'!Q14) -> Passed | N212: =IF('1.PrepList'!S14="","",'1.PrepList'!S14)
B213: =IF('1.PrepList'!#REF!="","",'1.PrepList'!#REF!) -> #REF! | C213: =_xlfn.XLOOKUP(D213,'1.PrepList'!H:H,'1.PrepList'!G:G) -> #REF! | D213: =IF('1.PrepList'!#REF!="","",'1.PrepList'!#REF!) -> #REF! | E213: =IF('1.PrepList'!#REF!="","",'1.PrepList'!#REF!) -> #REF! | F213: =IF('1.PrepList'!#REF!="","",'1.PrepList'!#REF!) -> #REF! | G213: =IF('1.PrepList'!#REF!="","",'1.PrepList'!#REF!) -> #REF! | H213: =IF('1.PrepList'!#REF!="","",'1.PrepList'!#REF!) -> #REF! | I213: =IF('1.PrepList'!#REF!="","",'1.PrepList'!#REF!) -> #REF! | J213: =IF('1.PrepList'!#REF!="","",'1.PrepList'!#REF!) -> #REF! | L213: =IF('1.PrepList'!#REF!="","",'1.PrepList'!#REF!) -> #REF! | N213: =IF('1.PrepList'!#REF!="","",'1.PrepList'!#REF!) -> #REF!
B214: =IF('1.PrepList'!#REF!="","",'1.PrepList'!#REF!) -> #REF! | C214: =_xlfn.XLOOKUP(D214,'1.PrepList'!H:H,'1.PrepList'!G:G) -> #REF! | D214: =IF('1.PrepList'!#REF!="","",'1.PrepList'!#REF!) -> #REF! | E214: =IF('1.PrepList'!#REF!="","",'1.PrepList'!#REF!) -> #REF! | F214: =IF('1.PrepList'!#REF!="","",'1.PrepList'!#REF!) -> #REF! | G214: =IF('1.PrepList'!#REF!="","",'1.PrepList'!#REF!) -> #REF! | H214: =IF('1.PrepList'!#REF!="","",'1.PrepList'!#REF!) -> #REF! | I214: =IF('1.PrepList'!#REF!="","",'1.PrepList'!#REF!) -> #REF! | J214: =IF('1.PrepList'!#REF!="","",'1.PrepList'!#REF!) -> #REF! | L214: =IF('1.PrepList'!#REF!="","",'1.PrepList'!#REF!) -> #REF! | N214: =IF('1.PrepList'!#REF!="","",'1.PrepList'!#REF!) -> #REF!
B215: =IF('1.PrepList'!#REF!="","",'1.PrepList'!#REF!) -> #REF! | C215: =_xlfn.XLOOKUP(D215,'1.PrepList'!H:H,'1.PrepList'!G:G) -> #REF! | D215: =IF('1.PrepList'!#REF!="","",'1.PrepList'!#REF!) -> #REF! | E215: =IF('1.PrepList'!#REF!="","",'1.PrepList'!#REF!) -> #REF! | F215: =IF('1.PrepList'!#REF!="","",'1.PrepList'!#REF!) -> #REF! | G215: =IF('1.PrepList'!#REF!="","",'1.PrepList'!#REF!) -> #REF! | H215: =IF('1.PrepList'!#REF!="","",'1.PrepList'!#REF!) -> #REF! | I215: =IF('1.PrepList'!#REF!="","",'1.PrepList'!#REF!) -> #REF! | J215: =IF('1.PrepList'!#REF!="","",'1.PrepList'!#REF!) -> #REF! | L215: =IF('1.PrepList'!#REF!="","",'1.PrepList'!#REF!) -> #REF! | N215: =IF('1.PrepList'!#REF!="","",'1.PrepList'!#REF!) -> #REF!
B216: =IF('1.PrepList'!#REF!="","",'1.PrepList'!#REF!) -> #REF! | C216: =_xlfn.XLOOKUP(D216,'1.PrepList'!H:H,'1.PrepList'!G:G) -> #REF! | D216: =IF('1.PrepList'!#REF!="","",'1.PrepList'!#REF!) -> #REF! | E216: =IF('1.PrepList'!#REF!="","",'1.PrepList'!#REF!) -> #REF! | F216: =IF('1.PrepList'!#REF!="","",'1.PrepList'!#REF!) -> #REF! | G216: =IF('1.PrepList'!#REF!="","",'1.PrepList'!#REF!) -> #REF! | H216: =IF('1.PrepList'!#REF!="","",'1.PrepList'!#REF!) -> #REF! | I216: =IF('1.PrepList'!#REF!="","",'1.PrepList'!#REF!) -> #REF! | J216: =IF('1.PrepList'!#REF!="","",'1.PrepList'!#REF!) -> #REF! | L216: =IF('1.PrepList'!#REF!="","",'1.PrepList'!#REF!) -> #REF! | N216: =IF('1.PrepList'!#REF!="","",'1.PrepList'!#REF!) -> #REF!
B217: =IF('1.PrepList'!#REF!="","",'1.PrepList'!#REF!) -> #REF! | C217: =_xlfn.XLOOKUP(D217,'1.PrepList'!H:H,'1.PrepList'!G:G) -> #REF! | D217: =IF('1.PrepList'!#REF!="","",'1.PrepList'!#REF!) -> #REF! | E217: =IF('1.PrepList'!#REF!="","",'1.PrepList'!#REF!) -> #REF! | F217: =IF('1.PrepList'!#REF!="","",'1.PrepList'!#REF!) -> #REF! | G217: =IF('1.PrepList'!#REF!="","",'1.PrepList'!#REF!) -> #REF! | H217: =IF('1.PrepList'!#REF!="","",'1.PrepList'!#REF!) -> #REF! | I217: =IF('1.PrepList'!#REF!="","",'1.PrepList'!#REF!) -> #REF! | J217: =IF('1.PrepList'!#REF!="","",'1.PrepList'!#REF!) -> #REF! | L217: =IF('1.PrepList'!#REF!="","",'1.PrepList'!#REF!) -> #REF! | N217: =IF('1.PrepList'!#REF!="","",'1.PrepList'!#REF!) -> #REF!
B218: =IF('1.PrepList'!#REF!="","",'1.PrepList'!#REF!) -> #REF! | C218: =_xlfn.XLOOKUP(D218,'1.PrepList'!H:H,'1.PrepList'!G:G) -> #REF! | D218: =IF('1.PrepList'!#REF!="","",'1.PrepList'!#REF!) -> #REF! | E218: =IF('1.PrepList'!#REF!="","",'1.PrepList'!#REF!) -> #REF! | F218: =IF('1.PrepList'!#REF!="","",'1.PrepList'!#REF!) -> #REF! | G218: =IF('1.PrepList'!#REF!="","",'1.PrepList'!#REF!) -> #REF! | H218: =IF('1.PrepList'!#REF!="","",'1.PrepList'!#REF!) -> #REF! | I218: =IF('1.PrepList'!#REF!="","",'1.PrepList'!#REF!) -> #REF! | J218: =IF('1.PrepList'!#REF!="","",'1.PrepList'!#REF!) -> #REF! | L218: =IF('1.PrepList'!#REF!="","",'1.PrepList'!#REF!) -> #REF! | N218: =IF('1.PrepList'!#REF!="","",'1.PrepList'!#REF!) -> #REF!
B219: =IF('1.PrepList'!#REF!="","",'1.PrepList'!#REF!) -> #REF! | C219: =_xlfn.XLOOKUP(D219,'1.PrepList'!H:H,'1.PrepList'!G:G) -> #REF! | D219: =IF('1.PrepList'!#REF!="","",'1.PrepList'!#REF!) -> #REF! | E219: =IF('1.PrepList'!#REF!="","",'1.PrepList'!#REF!) -> #REF! | F219: =IF('1.PrepList'!#REF!="","",'1.PrepList'!#REF!) -> #REF! | G219: =IF('1.PrepList'!#REF!="","",'1.PrepList'!#REF!) -> #REF! | H219: =IF('1.PrepList'!#REF!="","",'1.PrepList'!#REF!) -> #REF! | I219: =IF('1.PrepList'!#REF!="","",'1.PrepList'!#REF!) -> #REF! | J219: =IF('1.PrepList'!#REF!="","",'1.PrepList'!#REF!) -> #REF! | L219: =IF('1.PrepList'!#REF!="","",'1.PrepList'!#REF!) -> #REF! | N219: =IF('1.PrepList'!#REF!="","",'1.PrepList'!#REF!) -> #REF!
B220: =IF('1.PrepList'!#REF!="","",'1.PrepList'!#REF!) -> #REF! | C220: =_xlfn.XLOOKUP(D220,'1.PrepList'!H:H,'1.PrepList'!G:G) -> #REF! | D220: =IF('1.PrepList'!#REF!="","",'1.PrepList'!#REF!) -> #REF! | E220: =IF('1.PrepList'!#REF!="","",'1.PrepList'!#REF!) -> #REF! | F220: =IF('1.PrepList'!#REF!="","",'1.PrepList'!#REF!) -> #REF! | G220: =IF('1.PrepList'!#REF!="","",'1.PrepList'!#REF!) -> #REF! | H220: =IF('1.PrepList'!#REF!="","",'1.PrepList'!#REF!) -> #REF! | I220: =IF('1.PrepList'!#REF!="","",'1.PrepList'!#REF!) -> #REF! | J220: =IF('1.PrepList'!#REF!="","",'1.PrepList'!#REF!) -> #REF! | L220: =IF('1.PrepList'!#REF!="","",'1.PrepList'!#REF!) -> #REF! | N220: =IF('1.PrepList'!#REF!="","",'1.PrepList'!#REF!) -> #REF!
B221: =IF('1.PrepList'!#REF!="","",'1.PrepList'!#REF!) -> #REF! | C221: =_xlfn.XLOOKUP(D221,'1.PrepList'!H:H,'1.PrepList'!G:G) -> #REF! | D221: =IF('1.PrepList'!#REF!="","",'1.PrepList'!#REF!) -> #REF! | E221: =IF('1.PrepList'!#REF!="","",'1.PrepList'!#REF!) -> #REF! | F221: =IF('1.PrepList'!#REF!="","",'1.PrepList'!#REF!) -> #REF! | G221: =IF('1.PrepList'!#REF!="","",'1.PrepList'!#REF!) -> #REF! | H221: =IF('1.PrepList'!#REF!="","",'1.PrepList'!#REF!) -> #REF! | I221: =IF('1.PrepList'!#REF!="","",'1.PrepList'!#REF!) -> #REF! | J221: =IF('1.PrepList'!#REF!="","",'1.PrepList'!#REF!) -> #REF! | L221: =IF('1.PrepList'!#REF!="","",'1.PrepList'!#REF!) -> #REF! | N221: =IF('1.PrepList'!#REF!="","",'1.PrepList'!#REF!) -> #REF!
B222: =IF('1.PrepList'!#REF!="","",'1.PrepList'!#REF!) -> #REF! | C222: =_xlfn.XLOOKUP(D222,'1.PrepList'!H:H,'1.PrepList'!G:G) -> #REF! | D222: =IF('1.PrepList'!#REF!="","",'1.PrepList'!#REF!) -> #REF! | E222: =IF('1.PrepList'!#REF!="","",'1.PrepList'!#REF!) -> #REF! | F222: =IF('1.PrepList'!#REF!="","",'1.PrepList'!#REF!) -> #REF! | G222: =IF('1.PrepList'!#REF!="","",'1.PrepList'!#REF!) -> #REF! | H222: =IF('1.PrepList'!#REF!="","",'1.PrepList'!#REF!) -> #REF! | I222: =IF('1.PrepList'!#REF!="","",'1.PrepList'!#REF!) -> #REF! | J222: =IF('1.PrepList'!#REF!="","",'1.PrepList'!#REF!) -> #REF! | L222: =IF('1.PrepList'!#REF!="","",'1.PrepList'!#REF!) -> #REF! | N222: =IF('1.PrepList'!#REF!="","",'1.PrepList'!#REF!) -> #REF!
B223: =IF('1.PrepList'!#REF!="","",'1.PrepList'!#REF!) -> #REF! | C223: =_xlfn.XLOOKUP(D223,'1.PrepList'!H:H,'1.PrepList'!G:G) -> #REF! | D223: =IF('1.PrepList'!#REF!="","",'1.PrepList'!#REF!) -> #REF! | E223: =IF('1.PrepList'!#REF!="","",'1.PrepList'!#REF!) -> #REF! | F223: =IF('1.PrepList'!#REF!="","",'1.PrepList'!#REF!) -> #REF! | G223: =IF('1.PrepList'!#REF!="","",'1.PrepList'!#REF!) -> #REF! | H223: =IF('1.PrepList'!#REF!="","",'1.PrepList'!#REF!) -> #REF! | I223: =IF('1.PrepList'!#REF!="","",'1.PrepList'!#REF!) -> #REF! | J223: =IF('1.PrepList'!#REF!="","",'1.PrepList'!#REF!) -> #REF! | L223: =IF('1.PrepList'!#REF!="","",'1.PrepList'!#REF!) -> #REF! | N223: =IF('1.PrepList'!#REF!="","",'1.PrepList'!#REF!) -> #REF!
B224: =IF('1.PrepList'!#REF!="","",'1.PrepList'!#REF!) -> #REF! | C224: =_xlfn.XLOOKUP(D224,'1.PrepList'!H:H,'1.PrepList'!G:G) -> #REF! | D224: =IF('1.PrepList'!#REF!="","",'1.PrepList'!#REF!) -> #REF! | E224: =IF('1.PrepList'!#REF!="","",'1.PrepList'!#REF!) -> #REF! | F224: =IF('1.PrepList'!#REF!="","",'1.PrepList'!#REF!) -> #REF! | G224: =IF('1.PrepList'!#REF!="","",'1.PrepList'!#REF!) -> #REF! | H224: =IF('1.PrepList'!#REF!="","",'1.PrepList'!#REF!) -> #REF! | I224: =IF('1.PrepList'!#REF!="","",'1.PrepList'!#REF!) -> #REF! | J224: =IF('1.PrepList'!#REF!="","",'1.PrepList'!#REF!) -> #REF! | L224: =IF('1.PrepList'!#REF!="","",'1.PrepList'!#REF!) -> #REF! | N224: =IF('1.PrepList'!#REF!="","",'1.PrepList'!#REF!) -> #REF!
... B294: =IF('1.PrepList'!#REF!="","",'1.PrepList'!#REF!) -> #REF! | C294: =_xlfn.XLOOKUP(D294,'1.PrepList'!H:H,'1.PrepList'!G:G) -> #REF! | D294: =IF('1.PrepList'!#REF!="","",'1.PrepList'!#REF!) -> #REF! | E294: =IF('1.PrepList'!#REF!="","",'1.PrepList'!#REF!) -> #REF! | F294: =IF('1.PrepList'!#REF!="","",'1.PrepList'!#REF!) -> #REF! | G294: =IF('1.PrepList'!#REF!="","",'1.PrepList'!#REF!) -> #REF! | H294: =IF('1.PrepList'!#REF!="","",'1.PrepList'!#REF!) -> #REF! | I294: =IF('1.PrepList'!#REF!="","",'1.PrepList'!#REF!) -> #REF! | J294: =IF('1.PrepList'!#REF!="","",'1.PrepList'!#REF!) -> #REF! | L294: =IF('1.PrepList'!#REF!="","",'1.PrepList'!#REF!) -> #REF! | N294: =IF('1.PrepList'!#REF!="","",'1.PrepList'!#REF!) -> #REF!

Sheet Orientations Old
B1: Tuesday 7/29/25 @2pm | C1: SPANISH | D1: NO MORE THAN 20 | F1: Nights | G1: Arrived | H1: Offer | I1: Notes - A Roster or B Roster (A = English/Bilingual and 1+ year exp) (B = Spanish and no exp.)
B2: Employe Name | C2: Employee # | D2: Phone | E2: Recruiter | F2: Shift Pref
B3: Joraima Soto | C3: 186324826 | D3: 3854904410 | E3: FZ | F3: Materials | G3: Yes | H3: Yes
B4: Maria Rodriguez | C4: 176583998 | D4: (385) 280-6295 | E4: DG | F4: A/C (Day) | G4: Yes | H4: Yes
B5: Fatima Briceno | C5: 187997721 | D5: 8019150994 | E5: NM | F5: B/D (Night | G5: Yes | H5: Yes
B6: Anyela Blanco | C6: 190324150 | D6: 8013309103 | E6: NM | F6: B/D (Night | G6: Yes | H6: Yes
B7: Leomaris Guzman | C7: 194816575 | D7: 3854361573 | E7: NM | F7: B/D (Night | G7: Yes | H7: Yes
B8: Badrolilia Peraza | C8: 101885257 | D8: 8014256308 | E8: NM | F8: B/D (Night | G8: Yes | H8: no | I8: Unable to contact
B9: Jonathan Arellanes | C9: 194528743 | D9: 3854238506 | E9: NM | F9: B/D (Night | G9: No
B10: Tairy Angulo | C10: 181369439 | D10: 3855065808 | E10: NM | F10: A/C (Day) | G10: Yes | H10: Yes
B11: Neis Pirela | C11: 176962718 | D11: 8012054460 | E11: NM | F11: A/C (Day) | G11: Yes | H11: Yes
B12: SimonRomero | C12: 117084972 | D12: 3852273302 | E12: DG | F12: A/C (Day) | G12: Yes | H12: Yes
B13: Lilibeth Roman | C13: 168124100 | D13: 3852295061 | E13: NM | F13: B/D (Night | G13: yes | H13: Yes
B14: Luis Garcia | C14: 194760398 | D14: 3853147960 | E14: NM | F14: A/C (Day) | G14: Rescheduled | I14: 7 mins late
B15: Romer Magdaniel | C15: 146674951 | D15: 9294247309 | E15: NM | F15: A/C (Day) | G15: yes | H15: Yes
B16: Enyaj Garcia | C16: 193856840 | D16: 8018094198 | E16: NM | F16: A/C (Day) | G16: yes | H16: Yes
B17: Yarelis Delgado | C17: 194501314 | D17: 3462439741 | E17: NM | F17: A/C (Day) | G17: yes | H17: Yes
B18: Jarol Martinez | C18: 193852264 | D18: 8016349786 | E18: FZ | F18: B/D (Night | G18: yes | H18: Yes
B19: Yorleny Luna | C19: 197892151 | D19: 3855735944 | E19: NM | F19: B/D (Night | G19: yes | H19: Yes
B20: Javier Calderon | C20: 193880878 | D20: 8013817589 | E20: BL | F20: A/C (Day) | G20: yes | H20: Yes
B21: Leticia Lopez | C21: 197900170 | D21: 385 484 2641 | E21: DG | F21: A/C (Day) | G21: yes | H21: No | I21: Not enough english
B22: Alma Hernandez | C22: 193852260 | D22: 8018757583 | E22: NM | F22: A/C (Day) | G22: yes | H22: Yes
B23: Joel Martinez | C23: 186524512 | D23: 3854908227 | E23: NM | F23: B/D (Night | G23: yes | H23: Yes
B24: Marvin Delgado | C24: 186627342 | D24: 3854566241 | E24: NM | F24: B/D (Night | G24: yes | H24: Yes
B25: Wednesday 7/30/25 @1 pm | C25: SPANISH | D25: NO MORE THAN 20 | G25: Arrived | H25: Offer | I25: Notes - A Roster or B Roster (A = English/Bilingual and 1+ year exp) (B = Spanish and no exp.)
B26: Employe Name | C26: Employee # | D26: Phone | E26: Recruiter | F26: Shift Pref
B27: Maira Querales | C27: 152806550 | D27: 3856958686 | E27: NM | F27: A/C (Day) | G27: yes | H27: Yes | I27: B
B28: Maria Martinez | C28: 198091228 | D28: 4698940779 | E28: DG | F28: B/D (Night | G28: yes | H28: Yes
B29: William Marrufo | C29: 198091268 | D29: 8016445290 | E29: DG | F29: B/D (Night | G29: yes | H29: Yes
B30: Liduvina Aguilera | C30: 194519751 | D30: 3854650569 | E30: FZ | F30: A/C (Day) | G30: yes | H30: Yes
B31: Maria Lorena Mendez | C31: 194519834 | D31: 3854650569 | E31: FZ | F31: A/C (Day) | G31: yes | H31: Yes
B32: Erwin Pinzon | C32: 198098739 | D32: 3852859222 | E32: NM | F32: A/C (Day) | G32: yes | H32: No | I32: B unable to contact
B33: Ana Rivero | C33: 198038100 | D33: 7578312339 | E33: DG | F33: A/C (Day) | G33: yes | H33: Yes
B34: Liz Ascencio | C34: 177677124 | D34: 8012055313 | E34: CE | F34: A/C (Day) | G34: yes | H34: Yes
B35: Priscilla Salgado | C35: 198119474 | D35: 3852680226 | E35: DG | F35: B/D (Night
B36: Alexander Molina | C36: 198115158 | D36: 3853145049 | E36: FZ | F36: A/C (Day) | G36: yes | H36: Yes | I36: B
B37: Joselyn Rivas | C37: 177664785 | D37: 3852165535 | E37: FZ | F37: A/C (Day) | G37: yes | H37: No | I37: B
B38: Porfirio Magana Diaz | C38: 95708871 | D38: (801) 935-7631 | E38: FZ | F38: A/C (Day) | G38: yes | H38: Yes | I38: A
B39: Sharedt Alfaro | C39: 198119624 | D39: 9145254472 | E39: NM | F39: B/D (Night | G39: yes | H39: Yes
B40: Oscar Sanchez | C40: 198085680 | D40: 8017555395 | E40: BL | F40: B/D (Night | G40: yes | H40: Yes | I40: B
B41: William Cruz | C41: 198085671 | D41: 3855199552 | E41: BL | F41: B/D (Night | G41: yes
B42: Miguel Valera | C42: 160748288 | D42: 9514199934 | E42: DG | F42: B/D (Night | G42: yes
B43: Rubelia Ramirez | C43: 182061710 | D43: 3856229075 | E43: NM | F43: A/C (Day) | G43: yes
B44: Daniela Campos | C44: 180373513 | D44: 3855805959 | E44: DG | F44: B/D (Night | G44: yes | H44: Yes
B45: Jorge Arenales | C45: 190032407 | D45: 3857462807 | E45: NM | F45: B/D (Night | G45: yes | H45: Yes | I45: B
B46: Jamilton Infante | C46: 198046933 | D46: 8014035358 | E46: DG | F46: B/D (Night | G46: yes | H46: Yes
B47: Luis Garcia | C47: 194760398 | D47: 3853147960 | E47: NM | F47: A/C (Day) | G47: yes | H47: Yes | I47: B
B48: Wednesday 7/30/25 2pm | C48: ENGLISH
B49: Employe Name | C49: Employee # | D49: Phone | E49: Recruiter | F49: Shift Pref | G49: Arrived | H49: Offer | I49: Notes
B50: Changchi Hsu | C50: 100303209 | D50: 3855569079 | E50: DR | F50: B/D (Night | G50: No | H50: No
B51: Jean de Dieu Bonane | C51: 95684520 | D51: 801 462 9752 | E51: EW | F51: A/C (Day) | G51: No | H51: No | I51: rescheduled
B52: Elizabeth Ocaranza | C52: 186523967 | D52: 8016381015 | E52: CE | F52: A/C (Day) | G52: Yes | H52: Yes
B53: Jennifer Leon | C53: 95620738 | D53: 6196493412 | E53: CE | F53: A/C (Day) | G53: Yes | H53: YEs | I53: A
B54: Estefanie Nolasco | C54: 95620925 | D54: 6195913177 | E54: CE | F54: A/C (Day) | G54: Yes | H54: No
B55: Yohanna Goss | C55: 137909958 | D55: 513878477 | E55: GKW | F55: A/C (Day) | G55: Yes | H55: No | I55: A Not interested
B56: Sarah Makuach | C56: 198024130 | D56: 801 859 6217 | E56: NM | F56: B/D (Night | G56: Yes | H56: Yes | I56: A
B57: Racheal Atem | C57: 194769517 | D57: 8018143783 | E57: NM | F57: B/D (Night | G57: Yes | I57: A
B58: Josue Hernandez Pacheco | C58: 198010479 | D58: 801-430-6940 | E58: SR | F58: B/D (Night | G58: Yes | H58: Yes
B59: Alex Martinez | C59: 194484159 | D59: +1 408 612 2093 | E59: BL | F59: A/C (Day) | G59: No | H59: no | I59: Canceled - not interested
B60: Jesus Avila | C60: 188004500 | D60: 3852531583 | E60: FZ | F60: B/D (Night | G60: Yes | H60: Yes | I60: A
B61: Nazaire Nsanzimana | C61: 194834882 | D61: 3854159274 | E61: GKW | F61: A/C (Day) | G61: Yes | H61: Yes | I61: A
B62: Jordan Jensen | C62: 194817607 | D62: 8016080266 | E62: BL | F62: A/C (Day) | G62: No | H62: no
B63: Alexandra Silva | C63: 133250817 | D63: 801 941 4042 | E63: NM | F63: A/C (Day) | G63: Yes | H63: No | I63: Was unable to contact
B64: Arianna Ewell | C64: 102139980 | D64: 385-313-2200 | E64: GKW | F64: A/C (Day) | G64: Yes | H64: Yes | I64: A
B65: Noah Brown | C65: 194590577 | D65: +1 801 674-5345 | E65: BL | F65: A/C (Day) | G65: Yes | H65: No | I65: Other work
B66: Elizabeth Malespin | C66: 146827454 | D66: 8016916642 | E66: CE | F66: A/C (Day) | G66: Yes | H66: Yes
B68: THURSDAY 7/31/25 @2pm | C68: SPANISH | D68: NO MORE THAN 20 | G68: Arrived | H68: Offer | I68: Notes - A Roster or B Roster (A = English/Bilingual and 1+ year exp) (B = Spanish and no exp.)
B69: Employe Name | C69: Employee # | D69: Phone | E69: Recruiter | F69: Shift Pref
B70: Jhlonny Herman | C70: 134345849 | D70: 385-227-4448 | E70: NM | F70: B/D (Night | G70: Yes | H70: Yes
B71: Naileth Ortiz | C71: 172194973 | D71: 8014030974 | E71: NM | F71: B/D (Night | G71: Yes | H71: Yes
B72: Juan Tovar | C72: 198023747 | D72: 3855987482 | E72: DR | F72: B/D (Night | G72: No | H72: no
B73: Jamilton Infante | C73: 198046933 | D73: 8014035358 | E73: DG | F73: B/D (Night | G73: No | H73: no
B74: Elizabeth Malespin | C74: 146827454 | D74: 8016916642 | E74: CE | F74: A/C (Day) | G74: Yes | H74: yes
B75: Sandy Mera | C75: 198059304 | D75: 3857753555 | E75: DG | F75: B/D (Night | G75: Yes | H75: Yes
B76: Yhon Lobo | C76: 188005074 | D76: 3855410272 | E76: BL | F76: B/D (Night | G76: Yes | H76: Yes
B77: Ana Saucedo | C77: 115286455 | D77: 3076771941 | E77: FZ | F77: A/C (Day) | G77: Yes | H77: No | I77: A
B78: Angelica Fajardo | C78: 161355464 | D78: 161355464 | E78: FZ | F78: A/C (Day) | G78: Yes | H78: No | I78: B
B79: Juan Ferrer | C79: 198100593 | D79: 8015094077 | E79: NM | F79: B/D (Night | G79: No | H79: no
B80: Massiel Zabala | C80: 112007733 | D80: 4078135547 | E80: FZ | F80: A/C (Day) | G80: Yes | H80: Yes | I80: B Unable to contact. no working #
B81: Silvia Gavidia | C81: 197902597 | D81: 8015580472 | E81: DG | F81: A/C (Day) | G81: Yes | H81: Yes
B82: Carlos faria | C82: 160716568 | D82: 3855831907 | E82: BL | F82: A/C (Day) | G82: No | H82: no
B83: Genie Diaz | C83: 197902590 | D83: 8018641915 | E83: CE | F83: B/D (Night | G83: No | H83: no
B84: Kelly Maldonado | C84: 198143623 | D84: 3474443908 | E84: BL | F84: B/D (Night | G84: Yes | H84: Yes
B85: Juan Gomez | C85: 133848992 | D85: (801) 661-7329 | E85: BL | F85: A/C (Day) | G85: Yes | H85: No | I85: B unable to contact
B86: Juan Ferrer | C86: 198100593 | D86: 8015094077 | E86: NM | F86: B/D (Night | G86: Yes | H86: Yes
B87: Gabriela Arrieta | C87: 95666006 | D87: 3852689033 | E87: NM | F87: A/C (Day) | G87: Yes | H87: Yes
B88: Lisbeth Montanez | C88: 198115176 | D88: 3854618303 | E88: CE | F88: B/D (Night | G88: yes | H88: Yes
B89: Jessica Serna | C89: 145758103 | D89: 3852964715 | E89: NM | F89: B/D (Night | G89: yes
B91: Monday 8/04/25 @2pm | C91: SPANISH | D91: NO MORE THAN 20 | G91: Arrived | H91: Offer | I91: Notes - A Roster or B Roster (A = English/Bilingual and 1+ year exp) (B = Spanish and no exp.)
B92: Employe Name | C92: Employee # | D92: Phone | E92: Recruiter | F92: Shift Pref
B93: Jorge Cantos | C93: 198127607 | D93: 3856229777 | E93: NM | F93: B/D (Night | G93: Yes | H93: Yes
B94: Greykely Calderon | C94: 149727452 | D94: 3856229781 | E94: NM | F94: B/D (Night | G94: Yes | H94: Yes
B95: Kevin Gutierrez | C95: 198148107 | D95: 8014338440 | E95: FZ | F95: A/C (Day) | G95: Yes
B96: Millangelis Salazar | C96: 197829347 | D96: 801-403-4293 | E96: BL | F96: A/C (Day) | G96: Yes | H96: Yes
B97: Mariela Cespedes | C97: 198047354 | D97: 385-461-8051 | E97: BL | F97: A/C (Day) | G97: Yes
B98: Luz Bedoya | C98: 198126205 | D98: 3854903571 | E98: BL | F98: A/C (Day) | G98: Yes | H98: Yes
B99: Jose Antonio Morales | C99: 194612385 | D99: 3854187901 | E99: DR | F99: A/C (Day) | G99: Yes | H99: Yes
B100: Genesis Rodriguez | C100: 194612391 | D100: 3854187898 | E100: DR | F100: A/C (Day) | G100: Yes | H100: Yes
B101: Yormen Rubiano | C101: 129912902 | D101: 3238678685 | E101: DR | F101: B/D (Night | G101: Yes
B102: Sonia Bastidas | C102: 119672550 | D102: 3854180123 | E102: NM | F102: A/C (Day) | G102: Yes | H102: Yes
...

Sheet START TEMPLATE
A1: TEMPLATE - DO NOT EDIT DIRECTLY. Right-click this tab -> Move or Copy -> Create a Copy -> rename the copy to the start date. | S1: Start Date for this tab (fill in once): | T1: =IFERROR(DATEVALUE(SUBSTITUTE(MID(CELL("filename",A1),FIND("]",CELL("filename",A1))+1,255),".","/")),"")
A2: SSN, Employee Name, Phone #, and Recruiter autofill from PrepList once you type a Bold ID in column F. Fill in everything else by hand, same as before.
A3: Started | B3: Req # | C3: Supervisor | D3: P CODE | E3: SSN | F3: Employee Name (must match Bold) | G3: Bold ID | H3: Phone # | I3: Recruiter | J3: Shirt Size | K3: Title | L3: Schedule | M3: C-Number | N3: BG | O3: DT | P3: Flex Docs Sent | Q3: NOTES | R3: Start Date
E4: =IF($G4="","",IFERROR(_xlfn.LET(_xlpm.p,_xlfn.XLOOKUP($G4,'1.PrepList'!$I$2:$I$1500,'1.PrepList'!$G$2:$G$1500,"")&"",IF(_xlpm.p="",_xlfn.XLOOKUP($G4,'2.Mini Orientation'!$C:$C,'2.Mini Orientation'!$A:$A,"")&"",_xlpm.p)),"")) | F4: =IF($G4="","",IFERROR(_xlfn.XLOOKUP($G4,'1.PrepList'!$I$2:$I$1500,'1.PrepList'!$H$2:$H$1500,"")&"","")) | H4: =IF($G4="","",IFERROR(_xlfn.XLOOKUP($G4,'1.PrepList'!$I$2:$I$1500,'1.PrepList'!$J$2:$J$1500,"")&"","")) | I4: =IF($G4="","",IFERROR(_xlfn.XLOOKUP($G4,'1.PrepList'!$I$2:$I$1500,'1.PrepList'!$N$2:$N$1500,"")&"","")) | N4: =IF($G4="","",IFERROR(_xlfn.XLOOKUP($G4,'1.PrepList'!$I$2:$I$1500,'1.PrepList'!$O$2:$O$1500,"")&"","")) | O4: =IF($G4="","",IFERROR(_xlfn.XLOOKUP($G4,'1.PrepList'!$I$2:$I$1500,'1.PrepList'!$P$2:$P$1500,"")&"","")) | P4: =IF($G4="","",IFERROR(_xlfn.XLOOKUP($G4,'1.PrepList'!$I$2:$I$1500,'1.PrepList'!$Q$2:$Q$1500,"")&"","")) | R4: =IF($G4="","",$T$1)
E5: =IF($G5="","",IFERROR(_xlfn.LET(_xlpm.p,_xlfn.XLOOKUP($G5,'1.PrepList'!$I$2:$I$1500,'1.PrepList'!$G$2:$G$1500,"")&"",IF(_xlpm.p="",_xlfn.XLOOKUP($G5,'2.Mini Orientation'!$C:$C,'2.Mini Orientation'!$A:$A,"")&"",_xlpm.p)),"")) | F5: =IF($G5="","",IFERROR(_xlfn.XLOOKUP($G5,'1.PrepList'!$I$2:$I$1500,'1.PrepList'!$H$2:$H$1500,"")&"","")) | H5: =IF($G5="","",IFERROR(_xlfn.XLOOKUP($G5,'1.PrepList'!$I$2:$I$1500,'1.PrepList'!$J$2:$J$1500,"")&"","")) | I5: =IF($G5="","",IFERROR(_xlfn.XLOOKUP($G5,'1.PrepList'!$I$2:$I$1500,'1.PrepList'!$N$2:$N$1500,"")&"","")) | N5: =IF($G5="","",IFERROR(_xlfn.XLOOKUP($G5,'1.PrepList'!$I$2:$I$1500,'1.PrepList'!$O$2:$O$1500,"")&"","")) | O5: =IF($G5="","",IFERROR(_xlfn.XLOOKUP($G5,'1.PrepList'!$I$2:$I$1500,'1.PrepList'!$P$2:$P$1500,"")&"","")) | P5: =IF($G5="","",IFERROR(_xlfn.XLOOKUP($G5,'1.PrepList'!$I$2:$I$1500,'1.PrepList'!$Q$2:$Q$1500,"")&"","")) | R5: =IF($G5="","",$T$1)
E6: =IF($G6="","",IFERROR(_xlfn.LET(_xlpm.p,_xlfn.XLOOKUP($G6,'1.PrepList'!$I$2:$I$1500,'1.PrepList'!$G$2:$G$1500,"")&"",IF(_xlpm.p="",_xlfn.XLOOKUP($G6,'2.Mini Orientation'!$C:$C,'2.Mini Orientation'!$A:$A,"")&"",_xlpm.p)),"")) | F6: =IF($G6="","",IFERROR(_xlfn.XLOOKUP($G6,'1.PrepList'!$I$2:$I$1500,'1.PrepList'!$H$2:$H$1500,"")&"","")) | H6: =IF($G6="","",IFERROR(_xlfn.XLOOKUP($G6,'1.PrepList'!$I$2:$I$1500,'1.PrepList'!$J$2:$J$1500,"")&"","")) | I6: =IF($G6="","",IFERROR(_xlfn.XLOOKUP($G6,'1.PrepList'!$I$2:$I$1500,'1.PrepList'!$N$2:$N$1500,"")&"","")) | N6: =IF($G6="","",IFERROR(_xlfn.XLOOKUP($G6,'1.PrepList'!$I$2:$I$1500,'1.PrepList'!$O$2:$O$1500,"")&"","")) | O6: =IF($G6="","",IFERROR(_xlfn.XLOOKUP($G6,'1.PrepList'!$I$2:$I$1500,'1.PrepList'!$P$2:$P$1500,"")&"","")) | P6: =IF($G6="","",IFERROR(_xlfn.XLOOKUP($G6,'1.PrepList'!$I$2:$I$1500,'1.PrepList'!$Q$2:$Q$1500,"")&"","")) | R6: =IF($G6="","",$T$1)
E7: =IF($G7="","",IFERROR(_xlfn.LET(_xlpm.p,_xlfn.XLOOKUP($G7,'1.PrepList'!$I$2:$I$1500,'1.PrepList'!$G$2:$G$1500,"")&"",IF(_xlpm.p="",_xlfn.XLOOKUP($G7,'2.Mini Orientation'!$C:$C,'2.Mini Orientation'!$A:$A,"")&"",_xlpm.p)),"")) | F7: =IF($G7="","",IFERROR(_xlfn.XLOOKUP($G7,'1.PrepList'!$I$2:$I$1500,'1.PrepList'!$H$2:$H$1500,"")&"","")) | H7: =IF($G7="","",IFERROR(_xlfn.XLOOKUP($G7,'1.PrepList'!$I$2:$I$1500,'1.PrepList'!$J$2:$J$1500,"")&"","")) | I7: =IF($G7="","",IFERROR(_xlfn.XLOOKUP($G7,'1.PrepList'!$I$2:$I$1500,'1.PrepList'!$N$2:$N$1500,"")&"","")) | N7: =IF($G7="","",IFERROR(_xlfn.XLOOKUP($G7,'1.PrepList'!$I$2:$I$1500,'1.PrepList'!$O$2:$O$1500,"")&"","")) | O7: =IF($G7="","",IFERROR(_xlfn.XLOOKUP($G7,'1.PrepList'!$I$2:$I$1500,'1.PrepList'!$P$2:$P$1500,"")&"","")) | P7: =IF($G7="","",IFERROR(_xlfn.XLOOKUP($G7,'1.PrepList'!$I$2:$I$1500,'1.PrepList'!$Q$2:$Q$1500,"")&"","")) | R7: =IF($G7="","",$T$1)
E8: =IF($G8="","",IFERROR(_xlfn.LET(_xlpm.p,_xlfn.XLOOKUP($G8,'1.PrepList'!$I$2:$I$1500,'1.PrepList'!$G$2:$G$1500,"")&"",IF(_xlpm.p="",_xlfn.XLOOKUP($G8,'2.Mini Orientation'!$C:$C,'2.Mini Orientation'!$A:$A,"")&"",_xlpm.p)),"")) | F8: =IF($G8="","",IFERROR(_xlfn.XLOOKUP($G8,'1.PrepList'!$I$2:$I$1500,'1.PrepList'!$H$2:$H$1500,"")&"","")) | H8: =IF($G8="","",IFERROR(_xlfn.XLOOKUP($G8,'1.PrepList'!$I$2:$I$1500,'1.PrepList'!$J$2:$J$1500,"")&"","")) | I8: =IF($G8="","",IFERROR(_xlfn.XLOOKUP($G8,'1.PrepList'!$I$2:$I$1500,'1.PrepList'!$N$2:$N$1500,"")&"","")) | N8: =IF($G8="","",IFERROR(_xlfn.XLOOKUP($G8,'1.PrepList'!$I$2:$I$1500,'1.PrepList'!$O$2:$O$1500,"")&"","")) | O8: =IF($G8="","",IFERROR(_xlfn.XLOOKUP($G8,'1.PrepList'!$I$2:$I$1500,'1.PrepList'!$P$2:$P$1500,"")&"","")) | P8: =IF($G8="","",IFERROR(_xlfn.XLOOKUP($G8,'1.PrepList'!$I$2:$I$1500,'1.PrepList'!$Q$2:$Q$1500,"")&"","")) | R8: =IF($G8="","",$T$1)
E9: =IF($G9="","",IFERROR(_xlfn.LET(_xlpm.p,_xlfn.XLOOKUP($G9,'1.PrepList'!$I$2:$I$1500,'1.PrepList'!$G$2:$G$1500,"")&"",IF(_xlpm.p="",_xlfn.XLOOKUP($G9,'2.Mini Orientation'!$C:$C,'2.Mini Orientation'!$A:$A,"")&"",_xlpm.p)),"")) | F9: =IF($G9="","",IFERROR(_xlfn.XLOOKUP($G9,'1.PrepList'!$I$2:$I$1500,'1.PrepList'!$H$2:$H$1500,"")&"","")) | H9: =IF($G9="","",IFERROR(_xlfn.XLOOKUP($G9,'1.PrepList'!$I$2:$I$1500,'1.PrepList'!$J$2:$J$1500,"")&"","")) | I9: =IF($G9="","",IFERROR(_xlfn.XLOOKUP($G9,'1.PrepList'!$I$2:$I$1500,'1.PrepList'!$N$2:$N$1500,"")&"","")) | N9: =IF($G9="","",IFERROR(_xlfn.XLOOKUP($G9,'1.PrepList'!$I$2:$I$1500,'1.PrepList'!$O$2:$O$1500,"")&"","")) | O9: =IF($G9="","",IFERROR(_xlfn.XLOOKUP($G9,'1.PrepList'!$I$2:$I$1500,'1.PrepList'!$P$2:$P$1500,"")&"","")) | P9: =IF($G9="","",IFERROR(_xlfn.XLOOKUP($G9,'1.PrepList'!$I$2:$I$1500,'1.PrepList'!$Q$2:$Q$1500,"")&"","")) | R9: =IF($G9="","",$T$1)
E10: =IF($G10="","",IFERROR(_xlfn.LET(_xlpm.p,_xlfn.XLOOKUP($G10,'1.PrepList'!$I$2:$I$1500,'1.PrepList'!$G$2:$G$1500,"")&"",IF(_xlpm.p="",_xlfn.XLOOKUP($G10,'2.Mini Orientation'!$C:$C,'2.Mini Orientation'!$A:$A,"")&"",_xlpm.p)),"")) | F10: =IF($G10="","",IFERROR(_xlfn.XLOOKUP($G10,'1.PrepList'!$I$2:$I$1500,'1.PrepList'!$H$2:$H$1500,"")&"","")) | H10: =IF($G10="","",IFERROR(_xlfn.XLOOKUP($G10,'1.PrepList'!$I$2:$I$1500,'1.PrepList'!$J$2:$J$1500,"")&"","")) | I10: =IF($G10="","",IFERROR(_xlfn.XLOOKUP($G10,'1.PrepList'!$I$2:$I$1500,'1.PrepList'!$N$2:$N$1500,"")&"","")) | N10: =IF($G10="","",IFERROR(_xlfn.XLOOKUP($G10,'1.PrepList'!$I$2:$I$1500,'1.PrepList'!$O$2:$O$1500,"")&"","")) | O10: =IF($G10="","",IFERROR(_xlfn.XLOOKUP($G10,'1.PrepList'!$I$2:$I$1500,'1.PrepList'!$P$2:$P$1500,"")&"","")) | P10: =IF($G10="","",IFERROR(_xlfn.XLOOKUP($G10,'1.PrepList'!$I$2:$I$1500,'1.PrepList'!$Q$2:$Q$1500,"")&"","")) | R10: =IF($G10="","",$T$1)
E11: =IF($G11="","",IFERROR(_xlfn.LET(_xlpm.p,_xlfn.XLOOKUP($G11,'1.PrepList'!$I$2:$I$1500,'1.PrepList'!$G$2:$G$1500,"")&"",IF(_xlpm.p="",_xlfn.XLOOKUP($G11,'2.Mini Orientation'!$C:$C,'2.Mini Orientation'!$A:$A,"")&"",_xlpm.p)),"")) | F11: =IF($G11="","",IFERROR(_xlfn.XLOOKUP($G11,'1.PrepList'!$I$2:$I$1500,'1.PrepList'!$H$2:$H$1500,"")&"","")) | H11: =IF($G11="","",IFERROR(_xlfn.XLOOKUP($G11,'1.PrepList'!$I$2:$I$1500,'1.PrepList'!$J$2:$J$1500,"")&"","")) | I11: =IF($G11="","",IFERROR(_xlfn.XLOOKUP($G11,'1.PrepList'!$I$2:$I$1500,'1.PrepList'!$N$2:$N$1500,"")&"","")) | N11: =IF($G11="","",IFERROR(_xlfn.XLOOKUP($G11,'1.PrepList'!$I$2:$I$1500,'1.PrepList'!$O$2:$O$1500,"")&"","")) | O11: =IF($G11="","",IFERROR(_xlfn.XLOOKUP($G11,'1.PrepList'!$I$2:$I$1500,'1.PrepList'!$P$2:$P$1500,"")&"","")) | P11: =IF($G11="","",IFERROR(_xlfn.XLOOKUP($G11,'1.PrepList'!$I$2:$I$1500,'1.PrepList'!$Q$2:$Q$1500,"")&"","")) | R11: =IF($G11="","",$T$1)
E12: =IF($G12="","",IFERROR(_xlfn.LET(_xlpm.p,_xlfn.XLOOKUP($G12,'1.PrepList'!$I$2:$I$1500,'1.PrepList'!$G$2:$G$1500,"")&"",IF(_xlpm.p="",_xlfn.XLOOKUP($G12,'2.Mini Orientation'!$C:$C,'2.Mini Orientation'!$A:$A,"")&"",_xlpm.p)),"")) | F12: =IF($G12="","",IFERROR(_xlfn.XLOOKUP($G12,'1.PrepList'!$I$2:$I$1500,'1.PrepList'!$H$2:$H$1500,"")&"","")) | H12: =IF($G12="","",IFERROR(_xlfn.XLOOKUP($G12,'1.PrepList'!$I$2:$I$1500,'1.PrepList'!$J$2:$J$1500,"")&"","")) | I12: =IF($G12="","",IFERROR(_xlfn.XLOOKUP($G12,'1.PrepList'!$I$2:$I$1500,'1.PrepList'!$N$2:$N$1500,"")&"","")) | N12: =IF($G12="","",IFERROR(_xlfn.XLOOKUP($G12,'1.PrepList'!$I$2:$I$1500,'1.PrepList'!$O$2:$O$1500,"")&"","")) | O12: =IF($G12="","",IFERROR(_xlfn.XLOOKUP($G12,'1.PrepList'!$I$2:$I$1500,'1.PrepList'!$P$2:$P$1500,"")&"","")) | P12: =IF($G12="","",IFERROR(_xlfn.XLOOKUP($G12,'1.PrepList'!$I$2:$I$1500,'1.PrepList'!$Q$2:$Q$1500,"")&"","")) | R12: =IF($G12="","",$T$1)
E13: =IF($G13="","",IFERROR(_xlfn.LET(_xlpm.p,_xlfn.XLOOKUP($G13,'1.PrepList'!$I$2:$I$1500,'1.PrepList'!$G$2:$G$1500,"")&"",IF(_xlpm.p="",_xlfn.XLOOKUP($G13,'2.Mini Orientation'!$C:$C,'2.Mini Orientation'!$A:$A,"")&"",_xlpm.p)),"")) | F13: =IF($G13="","",IFERROR(_xlfn.XLOOKUP($G13,'1.PrepList'!$I$2:$I$1500,'1.PrepList'!$H$2:$H$1500,"")&"","")) | H13: =IF($G13="","",IFERROR(_xlfn.XLOOKUP($G13,'1.PrepList'!$I$2:$I$1500,'1.PrepList'!$J$2:$J$1500,"")&"","")) | I13: =IF($G13="","",IFERROR(_xlfn.XLOOKUP($G13,'1.PrepList'!$I$2:$I$1500,'1.PrepList'!$N$2:$N$1500,"")&"","")) | N13: =IF($G13="","",IFERROR(_xlfn.XLOOKUP($G13,'1.PrepList'!$I$2:$I$1500,'1.PrepList'!$O$2:$O$1500,"")&"","")) | O13: =IF($G13="","",IFERROR(_xlfn.XLOOKUP($G13,'1.PrepList'!$I$2:$I$1500,'1.PrepList'!$P$2:$P$1500,"")&"","")) | P13: =IF($G13="","",IFERROR(_xlfn.XLOOKUP($G13,'1.PrepList'!$I$2:$I$1500,'1.PrepList'!$Q$2:$Q$1500,"")&"","")) | R13: =IF($G13="","",$T$1)
E14: =IF($G14="","",IFERROR(_xlfn.LET(_xlpm.p,_xlfn.XLOOKUP($G14,'1.PrepList'!$I$2:$I$1500,'1.PrepList'!$G$2:$G$1500,"")&"",IF(_xlpm.p="",_xlfn.XLOOKUP($G14,'2.Mini Orientation'!$C:$C,'2.Mini Orientation'!$A:$A,"")&"",_xlpm.p)),"")) | F14: =IF($G14="","",IFERROR(_xlfn.XLOOKUP($G14,'1.PrepList'!$I$2:$I$1500,'1.PrepList'!$H$2:$H$1500,"")&"","")) | H14: =IF($G14="","",IFERROR(_xlfn.XLOOKUP($G14,'1.PrepList'!$I$2:$I$1500,'1.PrepList'!$J$2:$J$1500,"")&"","")) | I14: =IF($G14="","",IFERROR(_xlfn.XLOOKUP($G14,'1.PrepList'!$I$2:$I$1500,'1.PrepList'!$N$2:$N$1500,"")&"","")) | N14: =IF($G14="","",IFERROR(_xlfn.XLOOKUP($G14,'1.PrepList'!$I$2:$I$1500,'1.PrepList'!$O$2:$O$1500,"")&"","")) | O14: =IF($G14="","",IFERROR(_xlfn.XLOOKUP($G14,'1.PrepList'!$I$2:$I$1500,'1.PrepList'!$P$2:$P$1500,"")&"","")) | P14: =IF($G14="","",IFERROR(_xlfn.XLOOKUP($G14,'1.PrepList'!$I$2:$I$1500,'1.PrepList'!$Q$2:$Q$1500,"")&"","")) | R14: =IF($G14="","",$T$1)
E15: =IF($G15="","",IFERROR(_xlfn.LET(_xlpm.p,_xlfn.XLOOKUP($G15,'1.PrepList'!$I$2:$I$1500,'1.PrepList'!$G$2:$G$1500,"")&"",IF(_xlpm.p="",_xlfn.XLOOKUP($G15,'2.Mini Orientation'!$C:$C,'2.Mini Orientation'!$A:$A,"")&"",_xlpm.p)),"")) | F15: =IF($G15="","",IFERROR(_xlfn.XLOOKUP($G15,'1.PrepList'!$I$2:$I$1500,'1.PrepList'!$H$2:$H$1500,"")&"","")) | H15: =IF($G15="","",IFERROR(_xlfn.XLOOKUP($G15,'1.PrepList'!$I$2:$I$1500,'1.PrepList'!$J$2:$J$1500,"")&"","")) | I15: =IF($G15="","",IFERROR(_xlfn.XLOOKUP($G15,'1.PrepList'!$I$2:$I$1500,'1.PrepList'!$N$2:$N$1500,"")&"","")) | N15: =IF($G15="","",IFERROR(_xlfn.XLOOKUP($G15,'1.PrepList'!$I$2:$I$1500,'1.PrepList'!$O$2:$O$1500,"")&"","")) | O15: =IF($G15="","",IFERROR(_xlfn.XLOOKUP($G15,'1.PrepList'!$I$2:$I$1500,'1.PrepList'!$P$2:$P$1500,"")&"","")) | P15: =IF($G15="","",IFERROR(_xlfn.XLOOKUP($G15,'1.PrepList'!$I$2:$I$1500,'1.PrepList'!$Q$2:$Q$1500,"")&"","")) | R15: =IF($G15="","",$T$1)
... E103: =IF($G103="","",IFERROR(_xlfn.LET(_xlpm.p,_xlfn.XLOOKUP($G103,'1.PrepList'!$I$2:$I$1500,'1.PrepList'!$G$2:$G$1500,"")&"",IF(_xlpm.p="",_xlfn.XLOOKUP($G103,'2.Mini Orientation'!$C:$C,'2.Mini Orientation'!$A:$A,"")&"",_xlpm.p)),"")) | F103: =IF($G103="","",IFERROR(_xlfn.XLOOKUP($G103,'1.PrepList'!$I$2:$I$1500,'1.PrepList'!$H$2:$H$1500,"")&"","")) | H103: =IF($G103="","",IFERROR(_xlfn.XLOOKUP($G103,'1.PrepList'!$I$2:$I$1500,'1.PrepList'!$J$2:$J$1500,"")&"","")) | I103: =IF($G103="","",IFERROR(_xlfn.XLOOKUP($G103,'1.PrepList'!$I$2:$I$1500,'1.PrepList'!$N$2:$N$1500,"")&"","")) | N103: =IF($G103="","",IFERROR(_xlfn.XLOOKUP($G103,'1.PrepList'!$I$2:$I$1500,'1.PrepList'!$O$2:$O$1500,"")&"","")) | O103: =IF($G103="","",IFERROR(_xlfn.XLOOKUP($G103,'1.PrepList'!$I$2:$I$1500,'1.PrepList'!$P$2:$P$1500,"")&"","")) | P103: =IF($G103="","",IFERROR(_xlfn.XLOOKUP($G103,'1.PrepList'!$I$2:$I$1500,'1.PrepList'!$Q$2:$Q$1500,"")&"","")) | R103: =IF($G103="","",$T$1)

Sheet 1.PrepList
A1: Ready to Start | B1: Started Status | C1: Date | D1: Last Contacted | E1: Rehire | F1: Language | G1: SSN # | H1: Employee Name (must match Avionte) | I1: Talent ID | J1: Phone | K1: Shift Preference | L1: Position | M1: Office | N1: Recruiter | O1: BG? | P1: DT? | Q1: FLEX Doc Sent | R1: Attended Mini Orientation | S1: Notes
A2: =IF($I2="","",IF(AND($R2="Yes",$O2="Passed",$P2="Passed",$Q2="Passed"),"Yes","No")) -> No | B2: =IF($I2="","",IFERROR(IF(_xlfn.XLOOKUP($I2,tbl_StartedStatus[Bold ID],tbl_StartedStatus[Started])="Started","Yes",IF(_xlfn.XLOOKUP($I2,tbl_StartedStatus[Bold ID],tbl_StartedStatus[Started])="No Show","No Show","")),"")) | C2: 45797 | D2: 46260 | F2: Spanish | H2: Doraxci Gonzalez | I2: 177671254 | J2: 3856289600 | K2: A/C | L2: Mechanical Assembly | M2: WJ | N2: FZ | O2: Pending | Q2: Passed | R2: =IF($I2="","",IF(COUNTIFS('2.Mini Orientation'!$C:$C,$I2,'2.Mini Orientation'!$G:$G,"Yes")>0,"Yes","No")) -> No | S2: Confirmed on 8/26 she is still interested
A3: =IF($I3="","",IF(AND($R3="Yes",$O3="Passed",$P3="Passed",$Q3="Passed"),"Yes","No")) -> No | B3: =IF($I3="","",IFERROR(IF(_xlfn.XLOOKUP($I3,tbl_StartedStatus[Bold ID],tbl_StartedStatus[Started])="Started","Yes",IF(_xlfn.XLOOKUP($I3,tbl_StartedStatus[Bold ID],tbl_StartedStatus[Started])="No Show","No Show","")),"")) | C3: 45869 | D3: 46260 | F3: Spanish | H3: Maralis Mendoza | I3: 198173510 | J3: 3852164295 | K3: A/C | L3: Mechanical Assembly | M3: WJ | N3: BL | O3: Passed | P3: Passed | Q3: Passed | R3: =IF($I3="","",IF(COUNTIFS('2.Mini Orientation'!$C:$C,$I3,'2.Mini Orientation'!$G:$G,"Yes")>0,"Yes","No")) -> No | S3: Confirmed on 8/26 she is still interested
A4: =IF($I4="","",IF(AND($R4="Yes",$O4="Passed",$P4="Passed",$Q4="Passed"),"Yes","No")) -> No | B4: =IF($I4="","",IFERROR(IF(_xlfn.XLOOKUP($I4,tbl_StartedStatus[Bold ID],tbl_StartedStatus[Started])="Started","Yes",IF(_xlfn.XLOOKUP($I4,tbl_StartedStatus[Bold ID],tbl_StartedStatus[Started])="No Show","No Show","")),"")) | C4: 45876 | D4: 46260 | F4: Spanish | H4: Edna Dominguez | I4: 148926496 | J4: 8019185846 | K4: B/D | L4: Mechanical Assembly | M4: WVC | N4: CE | O4: Passed | P4: Passed | Q4: Passed | R4: =IF($I4="","",IF(COUNTIFS('2.Mini Orientation'!$C:$C,$I4,'2.Mini Orientation'!$G:$G,"Yes")>0,"Yes","No")) -> No | S4: She stated she wont be in Utah for a few months?
A5: =IF($I5="","",IF(AND($R5="Yes",$O5="Passed",$P5="Passed",$Q5="Passed"),"Yes","No")) -> No | B5: =IF($I5="","",IFERROR(IF(_xlfn.XLOOKUP($I5,tbl_StartedStatus[Bold ID],tbl_StartedStatus[Started])="Started","Yes",IF(_xlfn.XLOOKUP($I5,tbl_StartedStatus[Bold ID],tbl_StartedStatus[Started])="No Show","No Show","")),"")) | C5: 45876 | D5: 46260 | F5: Spanish | H5: Amayrany Hernandez | I5: 198303055 | J5: 3855410937 | K5: B/D | L5: Mechanical Assembly | M5: WVC | N5: CE | O5: Passed | P5: Passed | Q5: Passed | R5: =IF($I5="","",IF(COUNTIFS('2.Mini Orientation'!$C:$C,$I5,'2.Mini Orientation'!$G:$G,"Yes")>0,"Yes","No")) -> No | S5: Confirmed on 8/26 she is still interested
A6: =IF($I6="","",IF(AND($R6="Yes",$O6="Passed",$P6="Passed",$Q6="Passed"),"Yes","No")) -> No | B6: =IF($I6="","",IFERROR(IF(_xlfn.XLOOKUP($I6,tbl_StartedStatus[Bold ID],tbl_StartedStatus[Started])="Started","Yes",IF(_xlfn.XLOOKUP($I6,tbl_StartedStatus[Bold ID],tbl_StartedStatus[Started])="No Show","No Show","")),"")) | C6: 45877 | D6: 46260 | F6: Spanish | H6: Aracely Hernandez | I6: 198318924 | J6: 4357141187 | K6: B/D | L6: Mechanical Assembly | M6: WVC | N6: CE | O6: Passed | P6: Passed | Q6: Passed | R6: =IF($I6="","",IF(COUNTIFS('2.Mini Orientation'!$C:$C,$I6,'2.Mini Orientation'!$G:$G,"Yes")>0,"Yes","No")) -> No
A7: =IF($I7="","",IF(AND($R7="Yes",$O7="Passed",$P7="Passed",$Q7="Passed"),"Yes","No")) -> No | B7: =IF($I7="","",IFERROR(IF(_xlfn.XLOOKUP($I7,tbl_StartedStatus[Bold ID],tbl_StartedStatus[Started])="Started","Yes",IF(_xlfn.XLOOKUP($I7,tbl_StartedStatus[Bold ID],tbl_StartedStatus[Started])="No Show","No Show","")),"")) | C7: 45880 | D7: 46260 | F7: Spanish | H7: Snayder Pongo | I7: 198237668 | J7: 3854883070 | K7: A/C | L7: Mechanical Assembly | M7: WJ | N7: NM | O7: Passed | P7: Passed | Q7: Passed | R7: =IF($I7="","",IF(COUNTIFS('2.Mini Orientation'!$C:$C,$I7,'2.Mini Orientation'!$G:$G,"Yes")>0,"Yes","No")) -> No
A8: =IF($I8="","",IF(AND($R8="Yes",$O8="Passed",$P8="Passed",$Q8="Passed"),"Yes","No")) -> No | B8: =IF($I8="","",IFERROR(IF(_xlfn.XLOOKUP($I8,tbl_StartedStatus[Bold ID],tbl_StartedStatus[Started])="Started","Yes",IF(_xlfn.XLOOKUP($I8,tbl_StartedStatus[Bold ID],tbl_StartedStatus[Started])="No Show","No Show","")),"")) | C8: 45881 | D8: 46260 | F8: Spanish | H8: Yennifer Hernandez | I8: 186325204 | J8: 8015094766 | K8: A/C | L8: Mechanical Assembly | M8: WJ | N8: BL | O8: Passed | P8: Passed | Q8: Passed | R8: =IF($I8="","",IF(COUNTIFS('2.Mini Orientation'!$C:$C,$I8,'2.Mini Orientation'!$G:$G,"Yes")>0,"Yes","No")) -> No
A9: =IF($I9="","",IF(AND($R9="Yes",$O9="Passed",$P9="Passed",$Q9="Passed"),"Yes","No")) -> No | B9: =IF($I9="","",IFERROR(IF(_xlfn.XLOOKUP($I9,tbl_StartedStatus[Bold ID],tbl_StartedStatus[Started])="Started","Yes",IF(_xlfn.XLOOKUP($I9,tbl_StartedStatus[Bold ID],tbl_StartedStatus[Started])="No Show","No Show","")),"")) | C9: 45881 | D9: 46260 | F9: Spanish | H9: Norelkys Gallardo | I9: 185565315 | J9: 3855907316 | K9: A/C | L9: Mechanical Assembly | M9: WJ | N9: BL | O9: Passed | P9: Passed | Q9: Passed | R9: =IF($I9="","",IF(COUNTIFS('2.Mini Orientation'!$C:$C,$I9,'2.Mini Orientation'!$G:$G,"Yes")>0,"Yes","No")) -> No
A10: =IF($I10="","",IF(AND($R10="Yes",$O10="Passed",$P10="Passed",$Q10="Passed"),"Yes","No")) -> No | B10: =IF($I10="","",IFERROR(IF(_xlfn.XLOOKUP($I10,tbl_StartedStatus[Bold ID],tbl_StartedStatus[Started])="Started","Yes",IF(_xlfn.XLOOKUP($I10,tbl_StartedStatus[Bold ID],tbl_StartedStatus[Started])="No Show","No Show","")),"")) | C10: 45887 | D10: 46260 | F10: Spanish | H10: Aura Rivas | I10: 177626645 | J10: 3322563395 | K10: B/D | L10: Mechanical Assembly | M10: WJ | N10: NM | O10: Passed | P10: Passed | Q10: Passed | R10: =IF($I10="","",IF(COUNTIFS('2.Mini Orientation'!$C:$C,$I10,'2.Mini Orientation'!$G:$G,"Yes")>0,"Yes","No")) -> No | S10: Confirmed on 8/26 she is still interested
A11: =IF($I11="","",IF(AND($R11="Yes",$O11="Passed",$P11="Passed",$Q11="Passed"),"Yes","No")) -> No | B11: =IF($I11="","",IFERROR(IF(_xlfn.XLOOKUP($I11,tbl_StartedStatus[Bold ID],tbl_StartedStatus[Started])="Started","Yes",IF(_xlfn.XLOOKUP($I11,tbl_StartedStatus[Bold ID],tbl_StartedStatus[Started])="No Show","No Show","")),"")) | C11: 45888 | D11: 46260 | F11: Spanish | H11: Alber Carillo | I11: 182934778 | J11: 4352007063 | K11: A/C | L11: Mechanical Assembly | M11: NSL | N11: DR | O11: Passed | P11: Passed | Q11: Passed | R11: =IF($I11="","",IF(COUNTIFS('2.Mini Orientation'!$C:$C,$I11,'2.Mini Orientation'!$G:$G,"Yes")>0,"Yes","No")) -> No
A12: =IF($I12="","",IF(AND($R12="Yes",$O12="Passed",$P12="Passed",$Q12="Passed"),"Yes","No")) -> No | B12: =IF($I12="","",IFERROR(IF(_xlfn.XLOOKUP($I12,tbl_StartedStatus[Bold ID],tbl_StartedStatus[Started])="Started","Yes",IF(_xlfn.XLOOKUP($I12,tbl_StartedStatus[Bold ID],tbl_StartedStatus[Started])="No Show","No Show","")),"")) | C12: 45888 | D12: 46260 | F12: Spanish | H12: Mary Andrade | I12: 198304520 | J12: 3852674145 | K12: A/C | L12: Mechanical Assembly | M12: WVC | N12: CE | O12: Passed | P12: Passed | Q12: Passed | R12: =IF($I12="","",IF(COUNTIFS('2.Mini Orientation'!$C:$C,$I12,'2.Mini Orientation'!$G:$G,"Yes")>0,"Yes","No")) -> No
A13: =IF($I13="","",IF(AND($R13="Yes",$O13="Passed",$P13="Passed",$Q13="Passed"),"Yes","No")) -> No | B13: =IF($I13="","",IFERROR(IF(_xlfn.XLOOKUP($I13,tbl_StartedStatus[Bold ID],tbl_StartedStatus[Started])="Started","Yes",IF(_xlfn.XLOOKUP($I13,tbl_StartedStatus[Bold ID],tbl_StartedStatus[Started])="No Show","No Show","")),"")) | C13: 45889 | D13: 46260 | F13: Spanish | H13: Yoseani Contreras | I13: 198457422 | J13: 5517991219 | K13: B/D | L13: Mechanical Assembly | M13: WVC | N13: CE | O13: Passed | P13: Passed | Q13: Passed | R13: =IF($I13="","",IF(COUNTIFS('2.Mini Orientation'!$C:$C,$I13,'2.Mini Orientation'!$G:$G,"Yes")>0,"Yes","No")) -> No
A14: =IF($I14="","",IF(AND($R14="Yes",$O14="Passed",$P14="Passed",$Q14="Passed"),"Yes","No")) -> No | B14: =IF($I14="","",IFERROR(IF(_xlfn.XLOOKUP($I14,tbl_StartedStatus[Bold ID],tbl_StartedStatus[Started])="Started","Yes",IF(_xlfn.XLOOKUP($I14,tbl_StartedStatus[Bold ID],tbl_StartedStatus[Started])="No Show","No Show","")),"")) | C14: 01/16/226 | D14: 46260 | F14: Spanish | H14: Irene Guerrero | I14: 176593378 | J14: 3855894411 | K14: A/C | L14: Mechanical Assembly | M14: WJ | N14: NM | O14: Passed | P14: Passed | Q14: Passed | R14: =IF($I14="","",IF(COUNTIFS('2.Mini Orientation'!$C:$C,$I14,'2.Mini Orientation'!$G:$G,"Yes")>0,"Yes","No")) -> No
A15: =IF($I15="","",IF(AND($R15="Yes",$O15="Passed",$P15="Passed",$Q15="Passed"),"Yes","No")) -> No | B15: =IF($I15="","",IFERROR(IF(_xlfn.XLOOKUP($I15,tbl_StartedStatus[Bold ID],tbl_StartedStatus[Started])="Started","Yes",IF(_xlfn.XLOOKUP($I15,tbl_StartedStatus[Bold ID],tbl_StartedStatus[Started])="No Show","No Show","")),"")) | D15: 46265 | F15: Spanish | H15: Diego Gomez | I15: 186547714 | J15: 9283237807 | K15: A/C | L15: Mechanical Assembly | M15: NSL | N15: DR | O15: Passed | P15: Passed | Q15: Passed | R15: =IF($I15="","",IF(COUNTIFS('2.Mini Orientation'!$C:$C,$I15,'2.Mini Orientation'!$G:$G,"Yes")>0,"Yes","No")) -> No
A16: =IF($I16="","",IF(AND($R16="Yes",$O16="Passed",$P16="Passed",$Q16="Passed"),"Yes","No")) -> No | B16: =IF($I16="","",IFERROR(IF(_xlfn.XLOOKUP($I16,tbl_StartedStatus[Bold ID],tbl_StartedStatus[Started])="Started","Yes",IF(_xlfn.XLOOKUP($I16,tbl_StartedStatus[Bold ID],tbl_StartedStatus[Started])="No Show","No Show","")),"")) | D16: 46265 | F16: Spanish | H16: Genesis Gonzales | I16: 155192157 | J16: 8018312018 | K16: B/D | L16: Mechanical Assembly | M16: NSL | N16: DR | O16: Not Ran | P16: Passed | Q16: Sent | R16: =IF($I16="","",IF(COUNTIFS('2.Mini Orientation'!$C:$C,$I16,'2.Mini Orientation'!$G:$G,"Yes")>0,"Yes","No")) -> No | S16: Confirmed on 9/1 she is stil interested
A17: =IF($I17="","",IF(AND($R17="Yes",$O17="Passed",$P17="Passed",$Q17="Passed"),"Yes","No")) -> No | B17: =IF($I17="","",IFERROR(IF(_xlfn.XLOOKUP($I17,tbl_StartedStatus[Bold ID],tbl_StartedStatus[Started])="Started","Yes",IF(_xlfn.XLOOKUP($I17,tbl_StartedStatus[Bold ID],tbl_StartedStatus[Started])="No Show","No Show","")),"")) | D17: 46265 | F17: Spanish | H17: Erika Beltran | I17: 215164885 | J17: 3854919576 | K17: B/D | L17: Mechanical Assembly | M17: NSL | N17: DR | O17: Not Ran | P17: Passed | Q17: Sent | R17: =IF($I17="","",IF(COUNTIFS('2.Mini Orientation'!$C:$C,$I17,'2.Mini Orientation'!$G:$G,"Yes")>0,"Yes","No")) -> No
A18: =IF($I18="","",IF(AND($R18="Yes",$O18="Passed",$P18="Passed",$Q18="Passed"),"Yes","No")) -> No | B18: =IF($I18="","",IFERROR(IF(_xlfn.XLOOKUP($I18,tbl_StartedStatus[Bold ID],tbl_StartedStatus[Started])="Started","Yes",IF(_xlfn.XLOOKUP($I18,tbl_StartedStatus[Bold ID],tbl_StartedStatus[Started])="No Show","No Show","")),"")) | D18: 46265 | F18: Spanish | H18: Adriana Gonzales | I18: 216395703 | J18: 3852964862 | K18: A/C | L18: Mechanical Assembly | M18: NSL | N18: DR | O18: Pending | Q18: Passed | R18: =IF($I18="","",IF(COUNTIFS('2.Mini Orientation'!$C:$C,$I18,'2.Mini Orientation'!$G:$G,"Yes")>0,"Yes","No")) -> No
A19: =IF($I19="","",IF(AND($R19="Yes",$O19="Passed",$P19="Passed",$Q19="Passed"),"Yes","No")) -> No | B19: =IF($I19="","",IFERROR(IF(_xlfn.XLOOKUP($I19,tbl_StartedStatus[Bold ID],tbl_StartedStatus[Started])="Started","Yes",IF(_xlfn.XLOOKUP($I19,tbl_StartedStatus[Bold ID],tbl_StartedStatus[Started])="No Show","No Show","")),"")) | D19: 46266 | F19: Spanish | H19: Maira Aray | I19: 167482313 | J19: 8014036011 | K19: A/C | L19: Mechanical Assembly | M19: NSL | N19: DR | O19: Not Ran | Q19: Sent | R19: =IF($I19="","",IF(COUNTIFS('2.Mini Orientation'!$C:$C,$I19,'2.Mini Orientation'!$G:$G,"Yes")>0,"Yes","No")) -> No
A20: =IF($I20="","",IF(AND($R20="Yes",$O20="Passed",$P20="Passed",$Q20="Passed"),"Yes","No")) -> No | B20: =IF($I20="","",IFERROR(IF(_xlfn.XLOOKUP($I20,tbl_StartedStatus[Bold ID],tbl_StartedStatus[Started])="Started","Yes",IF(_xlfn.XLOOKUP($I20,tbl_StartedStatus[Bold ID],tbl_StartedStatus[Started])="No Show","No Show","")),"")) | D20: 46266 | F20: Spanish | H20: Francisca Rodriguez | I20: 216398767 | J20: 8016001096 | K20: A/C | L20: Mechanical Assembly | M20: NSL | N20: DR | O20: Pending | Q20: Passed | R20: =IF($I20="","",IF(COUNTIFS('2.Mini Orientation'!$C:$C,$I20,'2.Mini Orientation'!$G:$G,"Yes")>0,"Yes","No")) -> No
A21: =IF($I21="","",IF(AND($R21="Yes",$O21="Passed",$P21="Passed",$Q21="Passed"),"Yes","No")) -> No | B21: =IF($I21="","",IFERROR(IF(_xlfn.XLOOKUP($I21,tbl_StartedStatus[Bold ID],tbl_StartedStatus[Started])="Started","Yes",IF(_xlfn.XLOOKUP($I21,tbl_StartedStatus[Bold ID],tbl_StartedStatus[Started])="No Show","No Show","")),"")) | D21: 46266 | F21: Spanish | H21: Edgar Blanco | I21: 198454505 | J21: 3855410257 | K21: A/C | L21: Mechanical Assembly | M21: WJ | N21: NM | O21: Passed | P21: Passed | Q21: Passed | R21: =IF($I21="","",IF(COUNTIFS('2.Mini Orientation'!$C:$C,$I21,'2.Mini Orientation'!$G:$G,"Yes")>0,"Yes","No")) -> No | S21: Phone# no longer valid
A22: =IF($I22="","",IF(AND($R22="Yes",$O22="Passed",$P22="Passed",$Q22="Passed"),"Yes","No")) -> No | B22: =IF($I22="","",IFERROR(IF(_xlfn.XLOOKUP($I22,tbl_StartedStatus[Bold ID],tbl_StartedStatus[Started])="Started","Yes",IF(_xlfn.XLOOKUP($I22,tbl_StartedStatus[Bold ID],tbl_StartedStatus[Started])="No Show","No Show","")),"")) | D22: 46266 | F22: Spanish | H22: Joaquina mAlvarado | I22: 182803870 | J22: 3855767303 | K22: A/C | L22: Mechanical Assembly | M22: WVC | N22: AR | O22: Passed | P22: Passed | Q22: Passed | R22: =IF($I22="","",IF(COUNTIFS('2.Mini Orientation'!$C:$C,$I22,'2.Mini Orientation'!$G:$G,"Yes")>0,"Yes","No")) -> No
A23: =IF($I23="","",IF(AND($R23="Yes",$O23="Passed",$P23="Passed",$Q23="Passed"),"Yes","No")) -> No | B23: =IF($I23="","",IFERROR(IF(_xlfn.XLOOKUP($I23,tbl_StartedStatus[Bold ID],tbl_StartedStatus[Started])="Started","Yes",IF(_xlfn.XLOOKUP($I23,tbl_StartedStatus[Bold ID],tbl_StartedStatus[Started])="No Show","No Show","")),"")) | D23: 46266 | F23: Spanish | H23: Susana Medina | I23: 95712795 | J23: (385) 775-3179 | K23: A/C | L23: Mechanical Assembly | M23: WJ | N23: BL | O23: Passed | P23: Passed | Q23: Passed | R23: =IF($I23="","",IF(COUNTIFS('2.Mini Orientation'!$C:$C,$I23,'2.Mini Orientation'!$G:$G,"Yes")>0,"Yes","No")) -> No | S23: Confirmed on 9/1 she is still interested
A24: =IF($I24="","",IF(AND($R24="Yes",$O24="Passed",$P24="Passed",$Q24="Passed"),"Yes","No")) -> No | B24: =IF($I24="","",IFERROR(IF(_xlfn.XLOOKUP($I24,tbl_StartedStatus[Bold ID],tbl_StartedStatus[Started])="Started","Yes",IF(_xlfn.XLOOKUP($I24,tbl_StartedStatus[Bold ID],tbl_StartedStatus[Started])="No Show","No Show","")),"")) | D24: 46266 | F24: Spanish | H24: Greisibel Reyes | I24: 187283462 | J24: 3076775835 | K24: A/C | L24: Mechanical Assembly | M24: WJ | N24: BL | O24: Passed | P24: Passed | Q24: Passed | R24: =IF($I24="","",IF(COUNTIFS('2.Mini Orientation'!$C:$C,$I24,'2.Mini Orientation'!$G:$G,"Yes")>0,"Yes","No")) -> No
A25: =IF($I25="","",IF(AND($R25="Yes",$O25="Passed",$P25="Passed",$Q25="Passed"),"Yes","No")) -> Yes | B25: =IF($I25="","",IFERROR(IF(_xlfn.XLOOKUP($I25,tbl_StartedStatus[Bold ID],tbl_StartedStatus[Started])="Started","Yes",IF(_xlfn.XLOOKUP($I25,tbl_StartedStatus[Bold ID],tbl_StartedStatus[Started])="No Show","No Show","")),"")) | F25: English | H25: Chad Candland | I25: 167453188 | J25: 8015746280 | K25: B/D | L25: Mechanical Assembly | M25: NSL | N25: GKW | O25: Passed | P25: Passed | Q25: Passed | R25: =IF($I25="","",IF(COUNTIFS('2.Mini Orientation'!$C:$C,$I25,'2.Mini Orientation'!$G:$G,"Yes")>0,"Yes","No")) -> Yes
A26: =IF($I26="","",IF(AND($R26="Yes",$O26="Passed",$P26="Passed",$Q26="Passed"),"Yes","No")) -> No | B26: =IF($I26="","",IFERROR(IF(_xlfn.XLOOKUP($I26,tbl_StartedStatus[Bold ID],tbl_StartedStatus[Started])="Started","Yes",IF(_xlfn.XLOOKUP($I26,tbl_StartedStatus[Bold ID],tbl_StartedStatus[Started])="No Show","No Show","")),"")) | D26: 46266 | F26: Spanish | H26: Fainoly Nino | I26: 198115241 | J26: 8012443795 | K26: A/C | L26: Mechanical Assembly | M26: NSL | N26: DG | O26: Pending | P26: Passed | Q26: Passed | R26: =IF($I26="","",IF(COUNTIFS('2.Mini Orientation'!$C:$C,$I26,'2.Mini Orientation'!$G:$G,"Yes")>0,"Yes","No")) -> No
A27: =IF($I27="","",IF(AND($R27="Yes",$O27="Passed",$P27="Passed",$Q27="Passed"),"Yes","No")) -> No | B27: =IF($I27="","",IFERROR(IF(_xlfn.XLOOKUP($I27,tbl_StartedStatus[Bold ID],tbl_StartedStatus[Started])="Started","Yes",IF(_xlfn.XLOOKUP($I27,tbl_StartedStatus[Bold ID],tbl_StartedStatus[Started])="No Show","No Show","")),"")) | D27: 46269 | F27: Spanish | H27: Jahiro Salas | I27: 198477793 | J27: 8016618133 | K27: A/C | L27: Mechanical Assembly | M27: NSL | N27: DG | O27: Passed | P27: Passed | Q27: Passed | R27: =IF($I27="","",IF(COUNTIFS('2.Mini Orientation'!$C:$C,$I27,'2.Mini Orientation'!$G:$G,"Yes")>0,"Yes","No")) -> No
A28: =IF($I28="","",IF(AND($R28="Yes",$O28="Passed",$P28="Passed",$Q28="Passed"),"Yes","No")) -> No | B28: =IF($I28="","",IFERROR(IF(_xlfn.XLOOKUP($I28,tbl_StartedStatus[Bold ID],tbl_StartedStatus[Started])="Started","Yes",IF(_xlfn.XLOOKUP($I28,tbl_StartedStatus[Bold ID],tbl_StartedStatus[Started])="No Show","No Show","")),"")) | D28: 46269 | F28: Spanish | H28: ELIO PORTILLA | J28: (801) 895-6980 | K28: A/C | L28: Mechanical Assembly | M28: NSL | N28: DR | O28: Passed | P28: Passed | Q28: Passed | R28: =IF($I28="","",IF(COUNTIFS('2.Mini Orientation'!$C:$C,$I28,'2.Mini Orientation'!$G:$G,"Yes")>0,"Yes","No")) -> No
A29: =IF($I29="","",IF(AND($R29="Yes",$O29="Passed",$P29="Passed",$Q29="Passed"),"Yes","No")) -> No | B29: =IF($I29="","",IFERROR(IF(_xlfn.XLOOKUP($I29,tbl_StartedStatus[Bold ID],tbl_StartedStatus[Started])="Started","Yes",IF(_xlfn.XLOOKUP($I29,tbl_StartedStatus[Bold ID],tbl_StartedStatus[Started])="No Show","No Show","")),"")) | D29: 46269 | F29: Bilingual | H29: Martha Salvador Trejo | I29: 199551858 | J29: 3853430317 | K29: A/C | L29: Mechanical Assembly | M29: WVC | N29: CE | O29: Passed | P29: Passed | Q29: Passed | R29: =IF($I29="","",IF(COUNTIFS('2.Mini Orientation'!$C:$C,$I29,'2.Mini Orientation'!$G:$G,"Yes")>0,"Yes","No")) -> No
A30: =IF($I30="","",IF(AND($R30="Yes",$O30="Passed",$P30="Passed",$Q30="Passed"),"Yes","No")) -> No | B30: =IF($I30="","",IFERROR(IF(_xlfn.XLOOKUP($I30,tbl_StartedStatus[Bold ID],tbl_StartedStatus[Started])="Started","Yes",IF(_xlfn.XLOOKUP($I30,tbl_StartedStatus[Bold ID],tbl_StartedStatus[Started])="No Show","No Show","")),"")) | D30: 46269 | F30: Spanish | H30: Luz Ospina | I30: 186544458 | J30: (609) 516-2765 | K30: A/C | L30: Mechanical Assembly | M30: WVC | N30: CE | R30: =IF($I30="","",IF(COUNTIFS('2.Mini Orientation'!$C:$C,$I30,'2.Mini Orientation'!$G:$G,"Yes")>0,"Yes","No")) -> No
A31: =IF($I31="","",IF(AND($R31="Yes",$O31="Passed",$P31="Passed",$Q31="Passed"),"Yes","No")) -> No | B31: =IF($I31="","",IFERROR(IF(_xlfn.XLOOKUP($I31,tbl_StartedStatus[Bold ID],tbl_StartedStatus[Started])="Started","Yes",IF(_xlfn.XLOOKUP($I31,tbl_StartedStatus[Bold ID],tbl_StartedStatus[Started])="No Show","No Show","")),"")) | D31: 46269 | F31: Spanish | H31: Maria Linares | I31: 155478795 | J31: 3852610893 | K31: A/C | L31: Mechanical Assembly | M31: WJ | N31: NM | O31: Passed | P31: Passed | Q31: Passed | R31: =IF($I31="","",IF(COUNTIFS('2.Mini Orientation'!$C:$C,$I31,'2.Mini Orientation'!$G:$G,"Yes")>0,"Yes","No")) -> No
A32: =IF($I32="","",IF(AND($R32="Yes",$O32="Passed",$P32="Passed",$Q32="Passed"),"Yes","No")) -> No | B32: =IF($I32="","",IFERROR(IF(_xlfn.XLOOKUP($I32,tbl_StartedStatus[Bold ID],tbl_StartedStatus[Started])="Started","Yes",IF(_xlfn.XLOOKUP($I32,tbl_StartedStatus[Bold ID],tbl_StartedStatus[Started])="No Show","No Show","")),"")) | D32: 46269 | F32: Spanish | H32: Dilianny Delsie | I32: 177942733 | J32: 8015849797 | K32: A/C | L32: Mechanical Assembly | M32: NSL | N32: DR | O32: Pending | P32: Passed | Q32: Passed | R32: =IF($I32="","",IF(COUNTIFS('2.Mini Orientation'!$C:$C,$I32,'2.Mini Orientation'!$G:$G,"Yes")>0,"Yes","No")) -> No
A33: =IF($I33="","",IF(AND($R33="Yes",$O33="Passed",$P33="Passed",$Q33="Passed"),"Yes","No")) -> No | B33: =IF($I33="","",IFERROR(IF(_xlfn.XLOOKUP($I33,tbl_StartedStatus[Bold ID],tbl_StartedStatus[Started])="Started","Yes",IF(_xlfn.XLOOKUP($I33,tbl_StartedStatus[Bold ID],tbl_StartedStatus[Started])="No Show","No Show","")),"")) | D33: 46269 | F33: Spanish | H33: Katty Rossell | I33: 216398708 | J33: 5512025893 | K33: A/C | L33: Mechanical Assembly | M33: NSL | N33: DR | O33: Not Ran | Q33: Passed | R33: =IF($I33="","",IF(COUNTIFS('2.Mini Orientation'!$C:$C,$I33,'2.Mini Orientation'!$G:$G,"Yes")>0,"Yes","No")) -> No
A34: =IF($I34="","",IF(AND($R34="Yes",$O34="Passed",$P34="Passed",$Q34="Passed"),"Yes","No")) -> No | B34: =IF($I34="","",IFERROR(IF(_xlfn.XLOOKUP($I34,tbl_StartedStatus[Bold ID],tbl_StartedStatus[Started])="Started","Yes",IF(_xlfn.XLOOKUP($I34,tbl_StartedStatus[Bold ID],tbl_StartedStatus[Started])="No Show","No Show","")),"")) | D34: 46269 | F34: Spanish | H34: Marialex Parajo | I34: 191900159 | J34: 3852522378 | K34: A/C | L34: Mechanical Assembly | M34: NSL | N34: DR | O34: Passed | P34: Passed | Q34: Sent | R34: =IF($I34="","",IF(COUNTIFS('2.Mini Orientation'!$C:$C,$I34,'2.Mini Orientation'!$G:$G,"Yes")>0,"Yes","No")) -> No
A35: =IF($I35="","",IF(AND($R35="Yes",$O35="Passed",$P35="Passed",$Q35="Passed"),"Yes","No")) -> No | B35: =IF($I35="","",IFERROR(IF(_xlfn.XLOOKUP($I35,tbl_StartedStatus[Bold ID],tbl_StartedStatus[Started])="Started","Yes",IF(_xlfn.XLOOKUP($I35,tbl_StartedStatus[Bold ID],tbl_StartedStatus[Started])="No Show","No Show","")),"")) | D35: 46273 | F35: English | H35: Tyrone Scott | I35: 218580424 | J35: 8016669504 | K35: B/D | L35: Mechanical Assembly | M35: NSL | N35: GKW | Q35: Sent | R35: =IF($I35="","",IF(COUNTIFS('2.Mini Orientation'!$C:$C,$I35,'2.Mini Orientation'!$G:$G,"Yes")>0,"Yes","No")) -> No | S35: Interested as of 9/9/26
A36: =IF($I36="","",IF(AND($R36="Yes",$O36="Passed",$P36="Passed",$Q36="Passed"),"Yes","No")) -> No | B36: =IF($I36="","",IFERROR(IF(_xlfn.XLOOKUP($I36,tbl_StartedStatus[Bold ID],tbl_StartedStatus[Started])="Started","Yes",IF(_xlfn.XLOOKUP($I36,tbl_StartedStatus[Bold ID],tbl_StartedStatus[Started])="No Show","No Show","")),"")) | C36: 46072 | D36: 46273 | F36: Spanish | H36: Gabriela Fernandez | I36: 144684733 | J36: 3852377965 | K36: A/C | L36: Mechanical Assembly | M36: WJ | N36: BL | O36: Passed | P36: Passed | Q36: Passed | R36: =IF($I36="","",IF(COUNTIFS('2.Mini Orientation'!$C:$C,$I36,'2.Mini Orientation'!$G:$G,"Yes")>0,"Yes","No")) -> No
A37: =IF($I37="","",IF(AND($R37="Yes",$O37="Passed",$P37="Passed",$Q37="Passed"),"Yes","No")) -> No | B37: =IF($I37="","",IFERROR(IF(_xlfn.XLOOKUP($I37,tbl_StartedStatus[Bold ID],tbl_StartedStatus[Started])="Started","Yes",IF(_xlfn.XLOOKUP($I37,tbl_StartedStatus[Bold ID],tbl_StartedStatus[Started])="No Show","No Show","")),"")) | C37: 46072 | D37: 46273 | F37: Spanish | H37: Anabelis Peraza | I37: 139332894 | J37: 3854572418 | K37: B/D | L37: Materials | M37: WJ | N37: FZ | O37: Passed | P37: Passed | Q37: Passed | R37: =IF($I37="","",IF(COUNTIFS('2.Mini Orientation'!$C:$C,$I37,'2.Mini Orientation'!$G:$G,"Yes")>0,"Yes","No")) -> No
A38: =IF($I38="","",IF(AND($R38="Yes",$O38="Passed",$P38="Passed",$Q38="Passed"),"Yes","No")) -> No | B38: =IF($I38="","",IFERROR(IF(_xlfn.XLOOKUP($I38,tbl_StartedStatus[Bold ID],tbl_StartedStatus[Started])="Started","Yes",IF(_xlfn.XLOOKUP($I38,tbl_StartedStatus[Bold ID],tbl_StartedStatus[Started])="No Show","No Show","")),"")) | C38: 46072 | D38: 46273 | F38: Spanish | H38: Eva Ramirez | I38: 218508261 | J38: 8018280334 | K38: A/C | L38: Mechanical Assembly | M38: WJ | N38: BL | O38: Passed | P38: Passed | Q38: Passed | R38: =IF($I38="","",IF(COUNTIFS('2.Mini Orientation'!$C:$C,$I38,'2.Mini Orientation'!$G:$G,"Yes")>0,"Yes","No")) -> No | S38: Interested as of 9/9
A39: =IF($I39="","",IF(AND($R39="Yes",$O39="Passed",$P39="Passed",$Q39="Passed"),"Yes","No")) -> No | B39: =IF($I39="","",IFERROR(IF(_xlfn.XLOOKUP($I39,tbl_StartedStatus[Bold ID],tbl_StartedStatus[Started])="Started","Yes",IF(_xlfn.XLOOKUP($I39,tbl_StartedStatus[Bold ID],tbl_StartedStatus[Started])="No Show","No Show","")),"")) | C39: 46072 | D39: 46273 | F39: Spanish | H39: Ricardo Perea Vera | I39: 218637517 | J39: 3858314755 | K39: B/D | L39: Mechanical Assembly | M39: WVC | N39: SM | O39: Passed | P39: Passed | Q39: Passed | R39: =IF($I39="","",IF(COUNTIFS('2.Mini Orientation'!$C:$C,$I39,'2.Mini Orientation'!$G:$G,"Yes")>0,"Yes","No")) -> No | S39: Interested as of 9/9
A40: =IF($I40="","",IF(AND($R40="Yes",$O40="Passed",$P40="Passed",$Q40="Passed"),"Yes","No")) -> No | B40: =IF($I40="","",IFERROR(IF(_xlfn.XLOOKUP($I40,tbl_StartedStatus[Bold ID],tbl_StartedStatus[Started])="Started","Yes",IF(_xlfn.XLOOKUP($I40,tbl_StartedStatus[Bold ID],tbl_StartedStatus[Started])="No Show","No Show","")),"")) | C40: 46072 | D40: 46273 | F40: Spanish | H40: Desiyana Perez | I40: 213080292 | J40: 801 6669792 | K40: A/C | L40: Mechanical Assembly | M40: WJ | N40: BL | O40: Passed | P40: Passed | Q40: Passed | R40: =IF($I40="","",IF(COUNTIFS('2.Mini Orientation'!$C:$C,$I40,'2.Mini Orientation'!$G:$G,"Yes")>0,"Yes","No")) -> No
A41: =IF($I41="","",IF(AND($R41="Yes",$O41="Passed",$P41="Passed",$Q41="Passed"),"Yes","No")) -> No | B41: =IF($I41="","",IFERROR(IF(_xlfn.XLOOKUP($I41,tbl_StartedStatus[Bold ID],tbl_StartedStatus[Started])="Started","Yes",IF(_xlfn.XLOOKUP($I41,tbl_StartedStatus[Bold ID],tbl_StartedStatus[Started])="No Show","No Show","")),"")) | C41: 46072 | D41: 46273 | F41: Spanish | H41: Yeudis Palacios | I41: 186520994 | J41: 3855763264 | K41: A/C | L41: Mechanical Assembly | M41: WJ | N41: FZ | O41: Passed | P41: Passed | Q41: Passed | R41: =IF($I41="","",IF(COUNTIFS('2.Mini Orientation'!$C:$C,$I41,'2.Mini Orientation'!$G:$G,"Yes")>0,"Yes","No")) -> No
A42: =IF($I42="","",IF(AND($R42="Yes",$O42="Passed",$P42="Passed",$Q42="Passed"),"Yes","No")) -> No | B42: =IF($I42="","",IFERROR(IF(_xlfn.XLOOKUP($I42,tbl_StartedStatus[Bold ID],tbl_StartedStatus[Started])="Started","Yes",IF(_xlfn.XLOOKUP($I42,tbl_StartedStatus[Bold ID],tbl_StartedStatus[Started])="No Show","No Show","")),"")) | C42: 46072 | D42: 46273 | F42: Spanish | H42: Betina Chica | I42: 218501372 | J42: 3852466291 | K42: A/C | L42: Mechanical Assembly | M42: WJ | N42: NM | O42: Pending | P42: Passed | Q42: Passed | R42: =IF($I42="","",IF(COUNTIFS('2.Mini Orientation'!$C:$C,$I42,'2.Mini Orientation'!$G:$G,"Yes")>0,"Yes","No")) -> No
A43: =IF($I43="","",IF(AND($R43="Yes",$O43="Passed",$P43="Passed",$Q43="Passed"),"Yes","No")) -> No | B43: =IF($I43="","",IFERROR(IF(_xlfn.XLOOKUP($I43,tbl_StartedStatus[Bold ID],tbl_StartedStatus[Started])="Started","Yes",IF(_xlfn.XLOOKUP($I43,tbl_StartedStatus[Bold ID],tbl_StartedStatus[Started])="No Show","No Show","")),"")) | C43: 46073 | D43: 46273 | F43: Spanish | H43: Marcos Lopez | I43: 218585883 | J43: 7868306940 | K43: A/C | L43: Mechanical Assembly | M43: WJ | N43: NM | O43: Pending | P43: Passed | Q43: Passed | R43: =IF($I43="","",IF(COUNTIFS('2.Mini Orientation'!$C:$C,$I43,'2.Mini Orientation'!$G:$G,"Yes")>0,"Yes","No")) -> No | S43: Interested as of 9/9
A44: =IF($I44="","",IF(AND($R44="Yes",$O44="Passed",$P44="Passed",$Q44="Passed"),"Yes","No")) -> No | B44: =IF($I44="","",IFERROR(IF(_xlfn.XLOOKUP($I44,tbl_StartedStatus[Bold ID],tbl_StartedStatus[Started])="Started","Yes",IF(_xlfn.XLOOKUP($I44,tbl_StartedStatus[Bold ID],tbl_StartedStatus[Started])="No Show","No Show","")),"")) | C44: 46073 | D44: 46273 | F44: Spanish | H44: Kendrys Semprun | I44: 218587572 | J44: 7866966897 | K44: A/C | L44: Mechanical Assembly | M44: WJ | N44: NM | O44: Pending | P44: Passed | Q44: Passed | R44: =IF($I44="","",IF(COUNTIFS('2.Mini Orientation'!$C:$C,$I44,'2.Mini Orientation'!$G:$G,"Yes")>0,"Yes","No")) -> No
A45: =IF($I45="","",IF(AND($R45="Yes",$O45="Passed",$P45="Passed",$Q45="Passed"),"Yes","No")) -> No | B45: =IF($I45="","",IFERROR(IF(_xlfn.XLOOKUP($I45,tbl_StartedStatus[Bold ID],tbl_StartedStatus[Started])="Started","Yes",IF(_xlfn.XLOOKUP($I45,tbl_StartedStatus[Bold ID],tbl_StartedStatus[Started])="No Show","No Show","")),"")) | C45: 46073 | D45: 46273 | F45: Spanish | H45: Cristina Sandkli | I45: 218657204 | J45: 3854249583 | K45: A/C | L45: Mechanical Assembly | M45: WJ | N45: BL | O45: Passed | P45: Passed | Q45: Passed | R45: =IF($I45="","",IF(COUNTIFS('2.Mini Orientation'!$C:$C,$I45,'2.Mini Orientation'!$G:$G,"Yes")>0,"Yes","No")) -> No
